Workbook

Sheet 외화예금일일가이드라인

Sheet 승인절차
B2: ■ 외화예금 금리승인 절차
B4: 1 | C4: 신청 세부내용 확인
C5: 고시금리 · 가산금리 · 최종금리 · 상품 · 기간 등 확인
B7: 2 | C7: 결재자 배정
C8: 1차 결재자 체크 → 부장님 체크 → 후결 체크
B10: 3 | C10: 심사의견 작성
C11: 승인조건 및 심사의견 작성 후 [심사의견 저장]
B13: 4 | C13: 결재
C14: 우측 상단 [결재] → [승인] 클릭 (※ "승인완료"가 아니라 "승인")
B16: 반려하는 경우 : [결재] → [불승인] 클릭
B18: 참고 ▸ 우대금리 승인권자 : 1백만불 미만 = 외환사업부장 / 1백만불 이상 = 자금부장

Sheet (1)규정
B2: 외화예금 금리승인 핵심 규정 (담당자용)
B3: 출처 : 내규 ▸ 국제금융/외국환 ▸ 외국환업무지침 제8장 외화예금 / 전반관리 ▸ 종합수익관리지침
B5: 1. 우대금리 승인권자
B6: 기본이율보다 우대하여 적용할 경우 주무부서장 승인을 받아 적용. (외화종합통장 우대이율과 중복 시 높은 이율 하나만 적용)
B7: · 원금 미화 1백만불 상당액 미만 → 외환사업부장
B8: · 원금 미화 1백만불 상당액 이상 → 자금부장
B9: ※ 기본이율 조회 : 넥스피아 7452 (금리주요정보조회)
B11: 2. 지급준비율
B12: · 만기 1개월 이상 외화정기예금 / 만기 30일 이상 외화CD(양도성예금증서) / 만기 6개월 이상 외화정기적금 → 2%
B13: · 기타예금 → 7%
B15: 3. 외화 내부금리 · 자금마진 (자금원가 산정 기준)
B16: · 대표시장금리 : LIBOR 산출 중단(2021~2023)으로 통화별 무위험지표금리(RFR)로 전환
... B28: · 중도해지 : 내부금리 재적용하지 않음 (중도해지수수료·이자차는 국제금융부 귀속)

Sheet (1)예금승인내역
B1: ※ 금리협의시 기준
B2: 1. 외화MMDA | F2: 2. 외화정기예금
B3: (1) ~1주 또는 통지예금 금리 참조하여 협의 | F3: (1) 3개월 이하 : 금리부운용(콜론) vs 비금리부운용(스왑) 비교 (단, 외화제규제비율 및 NIM감안)
F4: (2) 3개월 초과 : 되도록 금리부운용(대여금)으로 매칭
X5: 0.001776
G6: 상세내역 | M6: 외부 참조금리 | V6: 내부 참조금리 | AE6: 승인정보 | AL6: 메모란
I7: 기간 | M7: 타행외화예금금리 | O7: 은행간 운용금리 | V7: 종합수익관리시스템 | Z7: 비용 | AB7: BEP금리
A8: 순번 | B8: 상담일자 | C8: 영업점 | D8: 지점장 | E8: 담당자 | F8: 고객 | G8: 시작일자 | H8: 만기일자 | I8: 일수 | J8: 월수 | K8: 예금종류 | L8: 통화/금액 | M8: 평균 | N8: 최대(은행) | O8: Tenor | P8: SOFR | Q8: LIBOR | R8: 이자(MM) | T8: 비이자(FXSWAP) | V8: 내부금리 | W8: 지준비용 | X8: 자금마진 | Y8: 고시금리 | Z8: 자금원가 | AA8: NIS | AB8: 이자운용 | AC8: 비이자운용 | AD8: 협의금리 | AE8: 고시금리 | AF8: 우대금리 | AG8: 승인금리 | AH8: 승인일자 | AI8: 신청번호 | AJ8: 여부 | AK8: 매칭 운용거래 (비이자 / 이자)
A10: 1 | B10: 42583 | C10: 여의도지점 | D10: 계장 조수현 | F10: 키움자산운용 | G10: 42583 | H10: 42674 | I10: =H10-G10 -> 91 | J10: =TRUNC(I10/30,0) -> 3 | L10: 4 | Q10: 0.007591 | S10: 0.0084 | Y10: 0.005314 | AD10: 0.0065 | AE10: =IF(Y10="","",Y10) -> 0.005314 | AG10: =IF(AF10="","",AE10+AF10) | AJ10: =IF(AG10="","N","Y") -> N
A11: =IF(B11="","",IF((YEAR(B11)-YEAR(B10))=0,A10+1,1)) -> 2 | B11: 42586 | C11: 포항공단점 | D11: 계장 배인영 | F11: 개인 | G11: 42586 | H11: 42678 | I11: =H11-G11 -> 92 | J11: =TRUNC(I11/30,0) -> 3 | K11: 정기예금 | L11: 2.5 | Q11: 0.007776 | S11: 0.0084 | Y11: 0.005495 | AD11: 0.0065 | AE11: =IF(Y11="","",Y11) -> 0.005495 | AF11: 0.001505 | AG11: =IF(AF11="","",AE11+AF11) -> 0.007 | AJ11: =IF(AG11="","N","Y") -> Y
A12: =IF(B12="","",IF((YEAR(B12)-YEAR(B11))=0,A11+1,1)) -> 3 | B12: 42587 | C12: 강남영업부 | D12: 과장 이진아 | F12: 한전 | G12: 42587 | H12: 42618 | I12: =H12-G12 -> 31 | J12: =TRUNC(I12/30,0) -> 1 | K12: MMDA | L12: 50 | Q12: 0.005039 | S12: 0.0055 | Y12: 0.002359 | AD12: 0.0043 | AE12: =IF(Y12="","",Y12) -> 0.002359 | AG12: =IF(AF12="","",AE12+AF12) | AJ12: =IF(AG12="","N","Y") -> N
A13: =IF(B13="","",IF((YEAR(B13)-YEAR(B12))=0,A12+1,1)) -> 4 | B13: 42590 | C13: 울산영업부 | D13: 차장 김정인 | F13: 석유공사 | G13: 42590 | H13: 42654 | I13: =H13-G13 -> 64 | J13: =TRUNC(I13/30,0) -> 2 | K13: 정기예금 | L13: 55 | Q13: 0.006148 | S13: =AVERAGE(0.0064,0.009,0.007) -> 0.0074666667 | Y13: 0.003475 | AD13: 0.0038 | AE13: =IF(Y13="","",Y13) -> 0.003475 | AG13: =IF(AF13="","",AE13+AF13) | AJ13: =IF(AG13="","N","Y") -> N
A14: =IF(B14="","",IF((YEAR(B14)-YEAR(B13))=0,A13+1,1)) -> 5 | B14: 42593 | C14: 울산영업부 | D14: 차장 김정인 | F14: 석유공사 | G14: 42593 | H14: 42641 | I14: =H14-G14 -> 48 | J14: =TRUNC(I14/30,0) -> 1 | K14: 정기예금 | L14: 28 | Q14: 0.0051765 | S14: =AVERAGE(0.0064,0.0085,0.0058) -> 0.0069 | Y14: 0.002547 | AD14: 0.0035 | AE14: =IF(Y14="","",Y14) -> 0.002547 | AG14: =IF(AF14="","",AE14+AF14) | AJ14: =IF(AG14="","N","Y") -> N
A15: =IF(B15="","",IF((YEAR(B15)-YEAR(B14))=0,A14+1,1)) -> 6 | B15: 42606 | C15: 울산영업부 | D15: 차장 김정인 | F15: 석유공사 | G15: 42606 | H15: 42639 | I15: =H15-G15 -> 33 | J15: =TRUNC(I15/30,0) -> 1 | K15: 정기예금 | L15: 60 | Q15: 0.0052439 | S15: =AVERAGE(0.0076,0.008,0.0058) -> 0.0071333333 | Y15: 0.002614 | AD15: 0.004 | AE15: =IF(Y15="","",Y15) -> 0.002614 | AF15: 0.001386 | AG15: =IF(AF15="","",AE15+AF15) -> 0.004 | AJ15: =IF(AG15="","N","Y") -> Y
A16: =IF(B16="","",IF((YEAR(B16)-YEAR(B15))=0,A15+1,1)) -> 7 | B16: 42612 | C16: 강남영업부 | D16: 과장 이진아 | F16: 한전 | G16: 42612 | H16: 42643 | I16: =H16-G16 -> 31 | J16: =TRUNC(I16/30,0) -> 1 | K16: MMDA | L16: 50 | Q16: 0.0052439 | S16: =AVERAGE(0.007,0.0051,0.0058) -> 0.0059666667 | Y16: 0.000852 | AD16: 0.0045 | AE16: =IF(Y16="","",Y16) -> 0.000852 | AG16: =IF(AF16="","",AE16+AF16) | AJ16: =IF(AG16="","N","Y") -> N
A17: =IF(B17="","",IF((YEAR(B17)-YEAR(B16))=0,A16+1,1)) -> 8 | B17: 42612 | C17: 울산영업부 | D17: 차장 김정인 | F17: 석유공사 | G17: 42612 | H17: 42661 | I17: =H17-G17 -> 49 | J17: =TRUNC(I17/30,0) -> 1 | K17: 정기예금 | L17: 40 | Q17: 0.0052439 | S17: =AVERAGE(0.007,0.0051,0.0058) -> 0.0059666667 | Y17: 0.002614 | AD17: 0.0036 | AE17: =IF(Y17="","",Y17) -> 0.002614 | AG17: =IF(AF17="","",AE17+AF17) | AJ17: =IF(AG17="","N","Y") -> N
A18: =IF(B18="","",IF((YEAR(B18)-YEAR(B17))=0,A17+1,1)) -> 9 | B18: 42618 | C18: 서울영업부 | D18: 차장 이순정 | F18: 현대중공업 | G18: 42618 | H18: 42648 | I18: =H18-G18 -> 30 | J18: =TRUNC(I18/30,0) -> 1 | K18: MMDA | L18: 50 | Q18: 0.0052572 | S18: 0.0046 | Y18: 0.000857 | AD18: 0.004 | AE18: =IF(Y18="","",Y18) -> 0.000857 | AG18: =IF(AF18="","",AE18+AF18) | AJ18: =IF(AG18="","N","Y") -> N
A19: =IF(B19="","",IF((YEAR(B19)-YEAR(B18))=0,A18+1,1)) -> 10 | B19: 42620 | C19: 울산영업부 | D19: 계장 고재희 | F19: 석유공사 | G19: 42620 | H19: 42670 | I19: =H19-G19 -> 50 | J19: =TRUNC(I19/30,0) -> 1 | K19: 정기예금 | L19: 90 | Q19: 0.0051656 | S19: 0.005 | Y19: 0.002573 | AD19: 0.0035 | AE19: =IF(Y19="","",Y19) -> 0.002573 | AG19: =IF(AF19="","",AE19+AF19) | AJ19: =IF(AG19="","N","Y") -> N
A20: =IF(B20="","",IF((YEAR(B20)-YEAR(B19))=0,A19+1,1)) -> 11 | B20: 42620 | C20: 성서지점 | D20: 차장 이민 | F20: 법인고객 | G20: 42620 | H20: 42985 | I20: =H20-G20 -> 365 | J20: =TRUNC(I20/30,0) -> 12 | K20: 정기예금 | L20: 2 | Q20: 0.009825 | S20: =AVERAGE(0.0145,0.015,0.013) -> 0.014166667 | Y20: 0.009825 | AD20: 0.0115 | AE20: =IF(Y20="","",Y20) -> 0.009825 | AG20: =IF(AF20="","",AE20+AF20) | AJ20: =IF(AG20="","N","Y") -> N
A21: =IF(B21="","",IF((YEAR(B21)-YEAR(B20))=0,A20+1,1)) -> 12 | B21: 42622 | C21: 울산영업부 | D21: 차장 김정인 | F21: 석유공사 | G21: 42622 | H21: 42652 | I21: =H21-G21 -> 30 | J21: =TRUNC(I21/30,0) -> 1 | K21: MMDA | L21: 0 | Q21: 0.0042211 | S21: =AVERAGE(0.0045,0.0046,0.0047) -> 0.0046 | Y21: 0.000878 | AD21: 0.0025 | AE21: =IF(Y21="","",Y21) -> 0.000878 | AG21: =IF(AF21="","",AE21+AF21) | AJ21: =IF(AG21="","N","Y") -> N
A22: =IF(B22="","",IF((YEAR(B22)-YEAR(B21))=0,A21+1,1)) -> 13 | B22: 42622 | C22: 〃 | D22: 〃 | F22: 〃 | G22: 42622 | H22: 42652 | I22: =H22-G22 -> 30 | J22: =TRUNC(I22/30,0) -> 1 | K22: 정기예금 | L22: 0 | Q22: 0.0051822 | S22: =AVERAGE(0.007,0.0075) -> 0.00725 | Y22: 0.002553 | AD22: 0.0035 | AE22: =IF(Y22="","",Y22) -> 0.002553 | AG22: =IF(AF22="","",AE22+AF22) | AJ22: =IF(AG22="","N","Y") -> N
A23: =IF(B23="","",IF((YEAR(B23)-YEAR(B22))=0,A22+1,1)) -> 14 | B23: 42622 | C23: 〃 | D23: 〃 | F23: 〃 | G23: 42622 | H23: 42683 | I23: =H23-G23 -> 61 | J23: =TRUNC(I23/30,0) -> 2 | K23: 정기예금 | L23: 0 | Q23: 0.0066467 | S23: =AVERAGE(0.0077,0.0082) -> 0.00795 | Y23: 0.003988 | AD23: 0.0045 | AE23: =IF(Y23="","",Y23) -> 0.003988 | AG23: =IF(AF23="","",AE23+AF23) | AJ23: =IF(AG23="","N","Y") -> N
A24: =IF(B24="","",IF((YEAR(B24)-YEAR(B23))=0,A23+1,1)) -> 15 | B24: 42622 | C24: 〃 | D24: 〃 | F24: 〃 | G24: 42622 | H24: 42713 | I24: =H24-G24 -> 91 | J24: =TRUNC(I24/30,0) -> 3 | K24: 정기예금 | L24: 0 | Q24: 0.0084544 | S24: =AVERAGE(0.0115,0.0088,0.012) -> 0.010766667 | Y24: 0.00616 | AD24: 0.0067 | AE24: =IF(Y24="","",Y24) -> 0.00616 | AG24: =IF(AF24="","",AE24+AF24) | AJ24: =IF(AG24="","N","Y") -> N
A25: =IF(B25="","",IF((YEAR(B25)-YEAR(B24))=0,A24+1,1)) -> 16 | B25: 42622 | C25: 〃 | D25: 〃 | F25: 〃 | G25: 42622 | H25: 42803 | I25: =H25-G25 -> 181 | J25: =TRUNC(I25/30,0) -> 6 | K25: 정기예금 | L25: 0 | Q25: 0.0123472 | S25: =AVERAGE(0.0129,0.0116,0.0112) -> 0.0119 | Y25: 0.009675 | AD25: 0.01 | AE25: =IF(Y25="","",Y25) -> 0.009675 | AG25: =IF(AF25="","",AE25+AF25) | AJ25: =IF(AG25="","N","Y") -> N
A26: =IF(B26="","",IF((YEAR(B26)-YEAR(B25))=0,A25+1,1)) -> 17 | B26: 42634 | C26: 울산영업부 | D26: 차장 김정인 | F26: 석유공사 | G26: 42634 | H26: 42670 | I26: =H26-G26 -> 36 | J26: =TRUNC(I26/30,0) -> 1 | K26: 정기예금 | L26: 80 | Q26: 0.0054306 | S26: =AVERAGE(0.0065,0.0057,0.004) -> 0.0054 | Y26: 0.002796 | AD26: 0.0035 | AE26: =IF(Y26="","",Y26) -> 0.002796 | AG26: =IF(AF26="","",AE26+AF26) | AJ26: =IF(AG26="","N","Y") -> N
A27: =IF(B27="","",IF((YEAR(B27)-YEAR(B26))=0,A26+1,1)) -> 18 | B27: 42636 | C27: 강남영업부 | D27: 과장 이진아 | F27: 한전 | G27: 42636 | H27: 42666 | I27: =H27-G27 -> 30 | J27: =TRUNC(I27/30,0) -> 1 | K27: MMDA | L27: 50 | Q27: 0.0042322 | S27: =AVERAGE(0.0065,0.0057,0.004) -> 0.0054 | Y27: 0.000977 | AD27: 0.0047 | AE27: =IF(Y27="","",Y27) -> 0.000977 | AG27: =IF(AF27="","",AE27+AF27) | AJ27: =IF(AG27="","N","Y") -> N
A28: =IF(B28="","",IF((YEAR(B28)-YEAR(B27))=0,A27+1,1)) -> 19 | B28: 42649 | C28: 강남영업부 | D28: 차장 황수덕 | F28: SK하이닉스 | G28: 42649 | H28: 42680 | I28: =H28-G28 -> 31 | J28: =TRUNC(I28/30,0) -> 1 | K28: MMDA | L28: 50 | Q28: 0.0042822 | Y28: 0.000977 | AE28: =IF(Y28="","",Y28) -> 0.000977 | AG28: =IF(AF28="","",AE28+AF28) | AJ28: =IF(AG28="","N","Y") -> N
A29: =IF(B29="","",IF((YEAR(B29)-YEAR(B28))=0,A28+1,1)) -> 20 | B29: 42649 | C29: 성서지점 | D29: 대리 홍지현 | F29: 법인고객 | G29: 42649 | H29: 43014 | I29: =H29-G29 -> 365 | J29: =TRUNC(I29/30,0) -> 12 | K29: 정기예금 | L29: 2 | Q29: 0.0157267 | S29: =AVERAGE(0.015,0.014,0.0135) -> 0.014166667 | Y29: 0.011434 | AD29: 0.0125 | AE29: =IF(Y29="","",Y29) -> 0.011434 | AG29: =IF(AF29="","",AE29+AF29) | AJ29: =IF(AG29="","N","Y") -> N
A30: =IF(B30="","",IF((YEAR(B30)-YEAR(B29))=0,A29+1,1)) -> 21 | B30: 42650 | C30: 성서지점 | D30: 행원 이현경 | F30: ㈜나인플러스 | G30: 42650 | H30: 42742 | I30: =H30-G30 -> 92 | J30: =TRUNC(I30/30,0) -> 3 | K30: 정기예금 | L30: 1 | Q30: 0.0087156 | S30: =AVERAGE(0.0115,0.011,0.0089) -> 0.010466667 | Y30: 0.0064 | AD30: 0.007 | AE30: =IF(Y30="","",Y30) -> 0.0064 | AG30: 0.0071 | AJ30: =IF(AG30="","N","Y") -> Y
A31: =IF(B31="","",IF((YEAR(B31)-YEAR(B30))=0,A30+1,1)) -> 22 | B31: 42661 | C31: 울산영업부 | D31: 차장 김정인 | F31: 석유공사 | G31: 42661 | H31: 42695 | I31: =H31-G31 -> 34 | J31: =TRUNC(I31/30,0) -> 1 | K31: 정기예금 | L31: 70 | Q31: 0.0052789 | S31: =AVERAGE(0.0077,0.008) -> 0.00785 | Y31: 0.002647 | AD31: 0.0036 | AE31: =IF(Y31="","",Y31) -> 0.002647 | AJ31: =IF(AG31="","N","Y") -> N
A32: =IF(B32="","",IF((YEAR(B32)-YEAR(B31))=0,A31+1,1)) -> 23 | B32: 42668 | C32: 울산영업부 | D32: 차장 김정인 | F32: 석유공사 | G32: 42668 | H32: 42684 | I32: =H32-G32 -> 16 | J32: =TRUNC(I32/30,0) -> 0 | K32: 정기예금 | L32: 45 | Q32: 0.0045589 | S32: =AVERAGE(0.006,0.005) -> 0.0055 | Y32: 0.001577 | AD32: 0.002 | AE32: =IF(Y32="","",Y32) -> 0.001577 | AJ32: =IF(AG32="","N","Y") -> N
A33: =IF(B33="","",IF((YEAR(B33)-YEAR(B32))=0,A32+1,1)) -> 24 | B33: 42668 | C33: 〃 | D33: 〃 | F33: 〃 | G33: 42668 | H33: 42690 | I33: =H33-G33 -> 22 | J33: =TRUNC(I33/30,0) -> 0 | K33: 〃 | L33: 35 | Q33: 0.0045589 | S33: =AVERAGE(0.006,0.005) -> 0.0055 | Y33: 0.001577 | AD33: 0.002 | AE33: =IF(Y33="","",Y33) -> 0.001577 | AJ33: =IF(AG33="","N","Y") -> N
A34: =IF(B34="","",IF((YEAR(B34)-YEAR(B33))=0,A33+1,1)) -> 25 | B34: 42668 | C34: 〃 | D34: 〃 | F34: 〃 | G34: 42668 | H34: 42704 | I34: =H34-G34 -> 36 | J34: =TRUNC(I34/30,0) -> 1 | K34: 〃 | L34: 70 | Q34: 0.00534 | S34: =AVERAGE(0.0058,0.0065) -> 0.00615 | Y34: 0.002708 | AD34: 0.004 | AE34: =IF(Y34="","",Y34) -> 0.002708 | AG34: 0.004 | AJ34: =IF(AG34="","N","Y") -> Y
A35: =IF(B35="","",IF((YEAR(B35)-YEAR(B34))=0,A34+1,1)) -> 26 | B35: 42678 | C35: 〃 | D35: 〃 | F35: 〃 | G35: 42678 | H35: 42711 | I35: =H35-G35 -> 33 | J35: =TRUNC(I35/30,0) -> 1 | K35: 〃 | L35: 20 | Q35: 0.0053256 | AD35: 0.0036 | AE35: =IF(Y35="","",Y35) | AG35: 0 | AJ35: =IF(AG35="","N","Y") -> Y
A36: =IF(B36="","",IF((YEAR(B36)-YEAR(B35))=0,A35+1,1)) -> 27 | B36: 42678 | C36: 〃 | D36: 〃 | F36: 〃 | G36: 42678 | H36: 42711 | I36: =H36-G36 -> 33 | J36: =TRUNC(I36/30,0) -> 1 | K36: 〃 | L36: 30 | Q36: 0.0053256 | AD36: 0.0036 | AE36: =IF(Y36="","",Y36) | AJ36: =IF(AG36="","N","Y") -> N
A37: =IF(B37="","",IF((YEAR(B37)-YEAR(B36))=0,A36+1,1)) -> 28 | B37: 42682 | C37: 반월공단지점 | D37: 대리 김수현 | F37: ㈜이수엑사켐 | G37: 42682 | H37: 42725 | I37: =H37-G37 -> 43 | J37: =TRUNC(I37/30,0) -> 1 | K37: 〃 | L37: 7 | Q37: 0.0053533 | S37: =AVERAGE(0.0058,0.0065) -> 0.00615 | Y37: 0.002721 | AD37: 0.0036 | AE37: =IF(Y37="","",Y37) -> 0.002721 | AG37: 0.0036 | AJ37: =IF(AG37="","N","Y") -> Y
A38: =IF(B38="","",IF((YEAR(B38)-YEAR(B37))=0,A37+1,1)) -> 29 | B38: 42690 | C38: 울산영업부 | D38: 차장 김정인 | F38: 석유공사 | G38: 42690 | H38: 42718 | I38: =H38-G38 -> 28 | J38: =TRUNC(I38/30,0) -> 0 | K38: 〃 | L38: 30 | Q38: 0.0055011 | S38: =AVERAGE(0.0055,0.006) -> 0.00575 | Y38: 0.001605 | AD38: 0.0029 | AE38: =IF(Y38="","",Y38) -> 0.001605 | AJ38: =IF(AG38="","N","Y") -> N
A39: =IF(B39="","",IF((YEAR(B39)-YEAR(B38))=0,A38+1,1)) -> 30 | B39: 42695 | C39: 울산영업부 | D39: 차장 김정인 | F39: 석유공사 | G39: 42695 | H39: 42726 | I39: =H39-G39 -> 31 | J39: =TRUNC(I39/30,0) -> 1 | K39: 〃 | L39: 60 | Q39: 0.00566 | S39: =AVERAGE(0.0055,0.006) -> 0.00575 | Y39: 0.003021 | AD39: 0.0039 | AE39: =IF(Y39="","",Y39) -> 0.003021 | AJ39: =IF(AG39="","N","Y") -> N
A40: =IF(B40="","",IF((YEAR(B40)-YEAR(B39))=0,A39+1,1)) -> 31 | B40: 42702 | C40: 울산영업부 | D40: 차장 김정인 | F40: 석유공사 | G40: 42702 | H40: 42718 | I40: =H40-G40 -> 16 | J40: =TRUNC(I40/30,0) -> 0 | K40: 〃 | L40: 30 | Q40: 0.0045822 | S40: =AVERAGE(0.0052,0.0058,0.0051) -> 0.0053666667 | Y40: 0.001598 | AD40: 0.0026 | AE40: =IF(Y40="","",Y40) -> 0.001598 | AJ40: =IF(AG40="","N","Y") -> N
A41: =IF(B41="","",IF((YEAR(B41)-YEAR(B40))=0,A40+1,1)) -> 32 | B41: 42702 | C41: 울산영업부 | D41: 차장 김정인 | F41: 석유공사 | G41: 42702 | H41: 42724 | I41: =H41-G41 -> 22 | J41: =TRUNC(I41/30,0) -> 0 | K41: 〃 | L41: 50 | Q41: 0.0045822 | S41: =AVERAGE(0.0052,0.0058,0.0054) -> 0.0054666667 | Y41: 0.001598 | AD41: 0.003 | AE41: =IF(Y41="","",Y41) -> 0.001598 | AJ41: =IF(AG41="","N","Y") -> N
A42: =IF(B42="","",IF((YEAR(B42)-YEAR(B41))=0,A41+1,1)) -> 33 | B42: 42702 | C42: 울산영업부 | D42: 차장 김정인 | F42: 석유공사 | G42: 42702 | H42: 42727 | I42: =H42-G42 -> 25 | J42: =TRUNC(I42/30,0) -> 0 | K42: 〃 | L42: 80 | Q42: 0.0045822 | S42: =AVERAGE(0.0052,0.0058,0.0054) -> 0.0054666667 | Y42: 0.001598 | AD42: 0.003 | AE42: =IF(Y42="","",Y42) -> 0.001598 | AJ42: =IF(AG42="","N","Y") -> N
A43: =IF(B43="","",IF((YEAR(B43)-YEAR(B42))=0,A42+1,1)) -> 34 | B43: 42702 | C43: 울산영업부 | D43: 차장 김정인 | F43: 석유공사 | G43: 42702 | H43: 42734 | I43: =H43-G43 -> 32 | J43: =TRUNC(I43/30,0) -> 1 | K43: 〃 | L43: 120 | Q43: 0.0060589 | S43: =AVERAGE(0.007,0.006) -> 0.0065 | Y43: 0.003411 | AD43: 0.0042 | AE43: =IF(Y43="","",Y43) -> 0.003411 | AJ43: =IF(AG43="","N","Y") -> N
A44: =IF(B44="","",IF((YEAR(B44)-YEAR(B43))=0,A43+1,1)) -> 35 | B44: 42702 | C44: 울산영업부 | D44: 차장 김정인 | F44: 석유공사 | G44: 42702 | H44: 42734 | I44: =H44-G44 -> 32 | J44: =TRUNC(I44/30,0) -> 1 | K44: 〃 | L44: 110 | Q44: 0.0060589 | S44: =AVERAGE(0.007,0.006) -> 0.0065 | Y44: 0.003411 | AD44: 0.0042 | AE44: =IF(Y44="","",Y44) -> 0.003411 | AJ44: =IF(AG44="","N","Y") -> N
A45: =IF(B45="","",IF((YEAR(B45)-YEAR(B44))=0,A44+1,1)) -> 36 | B45: 42704 | C45: 강남영업부 | D45: 과장 이진아 | F45: 한전 | G45: 42704 | H45: 42734 | I45: =H45-G45 -> 30 | J45: =TRUNC(I45/30,0) -> 1 | K45: MMDA | L45: 50 | Q45: 0.0046044 | S45: =AVERAGE(0.007,0.006) -> 0.0065 | AD45: 0.0047 | AE45: =IF(Y45="","",Y45) | AJ45: =IF(AG45="","N","Y") -> N
A46: =IF(B46="","",IF((YEAR(B46)-YEAR(B45))=0,A45+1,1)) -> 37 | B46: 42704 | C46: 울산영업부 | D46: 차장 김정인 | F46: 석유공사 | G46: 42704 | H46: 42726 | I46: =H46-G46 -> 22 | J46: =TRUNC(I46/30,0) -> 0 | K46: 정기예금 | L46: 20 | Q46: 0.0046044 | S46: =AVERAGE(0.0055,0.0065) -> 0.006 | Y46: 0.001619 | AD46: 0.004 | AE46: =IF(Y46="","",Y46) -> 0.001619 | AJ46: =IF(AG46="","N","Y") -> N
A47: =IF(B47="","",IF((YEAR(B47)-YEAR(B46))=0,A46+1,1)) -> 38 | B47: 42704 | C47: 울산영업부 | D47: 차장 김정인 | F47: 석유공사 | G47: 42704 | H47: 42734 | I47: =H47-G47 -> 30 | J47: =TRUNC(I47/30,0) -> 1 | K47: 정기예금 | L47: 30 | Q47: 0.0061672 | S47: =AVERAGE(0.011,0.0063) -> 0.00865 | Y47: 0.003518 | AD47: 0.0046 | AE47: =IF(Y47="","",Y47) -> 0.003518 | AJ47: =IF(AG47="","N","Y") -> N
A48: =IF(B48="","",IF((YEAR(B48)-YEAR(B47))=0,A47+1,1)) -> 39 | B48: 42711 | C48: 울산영업부 | D48: 차장 김정인 | F48: 석유공사 | G48: 42711 | H48: 42739 | I48: =H48-G48 -> 28 | J48: =TRUNC(I48/30,0) -> 0 | K48: 정기예금 | L48: 50 | Q48: 0.0064889 | S48: =AVERAGE(0.016,0.0064) -> 0.0112 | Y48: 0.003834 | AD48: 0.0044 | AE48: =IF(Y48="","",Y48) -> 0.003834 | AJ48: =IF(AG48="","N","Y") -> N
A49: =IF(B49="","",IF((YEAR(B49)-YEAR(B48))=0,A48+1,1)) -> 40 | B49: 42718 | C49: 울산영업부 | D49: 차장 김정인 | F49: 석유공사 | G49: 42718 | H49: 42746 | I49: =H49-G49 -> 28 | J49: =TRUNC(I49/30,0) -> 0 | K49: 정기예금 | L49: 60 | Q49: 0.0070389 | S49: =AVERAGE(0.017,0.0081,0.0061) -> 0.0104 | Y49: 0.004373 | AD49: 0.0052 | AE49: =IF(Y49="","",Y49) -> 0.004373 | AG49: 0.0052 | AJ49: =IF(AG49="","N","Y") -> Y
A50: =IF(B50="","",IF((YEAR(B50)-YEAR(B49))=0,A49+1,1)) -> 41 | B50: 42724 | C50: 울산영업부 | D50: 차장 김정인 | F50: 석유공사 | G50: 42724 | H50: 42730 | I50: =H50-G50 -> 6 | J50: =TRUNC(I50/30,0) -> 0 | K50: 정기예금 | L50: 25 | Q50: 0.006811 | S50: 0.005 | Y50: 0.003275 | AD50: 0.0033 | AE50: =IF(Y50="","",Y50) -> 0.003275 | AJ50: =IF(AG50="","N","Y") -> N
A51: =IF(B51="","",IF((YEAR(B51)-YEAR(B50))=0,A50+1,1)) -> 42 | B51: 42724 | C51: 울산영업부 | D51: 차장 김정인 | F51: 석유공사 | G51: 42724 | H51: 42732 | I51: =H51-G51 -> 8 | J51: =TRUNC(I51/30,0) -> 0 | K51: 정기예금 | L51: 25 | Q51: 0.0070306 | S51: 0.005 | Y51: 0.003875 | AD51: 0.0039 | AE51: =IF(Y51="","",Y51) -> 0.003875 | AJ51: =IF(AG51="","N","Y") -> N
A52: =IF(B52="","",IF((YEAR(B52)-YEAR(B51))=0,A51+1,1)) -> 43 | B52: 42724 | C52: 강남영업부 | D52: 과장 이진아 | F52: 한전 | G52: 42724 | H52: 42755 | I52: =H52-G52 -> 31 | J52: =TRUNC(I52/30,0) -> 1 | K52: MMDA | L52: 50 | AD52: 0.005 | AE52: =IF(Y52="","",Y52) | AJ52: =IF(AG52="","N","Y") -> N
A53: =IF(B53="","",IF((YEAR(B53)-YEAR(B52))=0,A52+1,1)) -> 44 | B53: 42733 | C53: 울산영업부 | D53: 차장 김정인 | F53: 석유공사 | G53: 42733 | H53: 42760 | I53: =H53-G53 -> 27 | J53: =TRUNC(I53/30,0) -> 0 | K53: 정기예금 | L53: 50 | Q53: 0.0071533 | S53: =AVERAGE(0.0092,0.0075) -> 0.00835 | Y53: 0.00399 | AD53: 0.0059 | AE53: =IF(Y53="","",Y53) -> 0.00399 | AJ53: =IF(AG53="","N","Y") -> N
A54: =IF(B54="","",IF((YEAR(B54)-YEAR(B53))=0,A53+1,1)) -> 45 | B54: 42733 | C54: 울산영업부 | D54: 차장 김정인 | F54: 석유공사 | G54: 42733 | H54: 42767 | I54: =H54-G54 -> 34 | J54: =TRUNC(I54/30,0) -> 1 | K54: 정기예금 | L54: 50 | Q54: 0.0077 | S54: =AVERAGE(0.0092,0.0075) -> 0.00835 | Y54: 0.005021 | AD54: 0.0059 | AE54: =IF(Y54="","",Y54) -> 0.005021 | AJ54: =IF(AG54="","N","Y") -> N
A55: =IF(B55="","",IF((YEAR(B55)-YEAR(B54))=0,A54+1,1)) -> 46 | B55: 42734 | C55: 울산영업부 | D55: 차장 김정인 | F55: 석유공사 | G55: 42734 | H55: 42774 | I55: =H55-G55 -> 40 | J55: =TRUNC(I55/30,0) -> 1 | K55: 정기예금 | L55: 60 | Q55: 0.0077111 | S55: =AVERAGE(0.0095,0.0075) -> 0.0085 | Y55: 0.005031 | AD55: 0.0064 | AE55: =IF(Y55="","",Y55) -> 0.005031 | AJ55: =IF(AG55="","N","Y") -> N
A56: =IF(B56="","",IF((YEAR(B56)-YEAR(B55))=0,A55+1,1)) -> 47 | B56: 42734 | C56: 울산영업부 | D56: 차장 김정인 | F56: 석유공사 | G56: 42734 | H56: 42781 | I56: =H56-G56 -> 47 | J56: =TRUNC(I56/30,0) -> 1 | K56: 정기예금 | L56: 60 | Q56: 0.0077111 | S56: =AVERAGE(0.0095,0.0075) -> 0.0085 | Y56: 0.005031 | AD56: 0.0064 | AE56: =IF(Y56="","",Y56) -> 0.005031 | AJ56: =IF(AG56="","N","Y") -> N
A57: =IF(B57="","",IF((YEAR(B57)-YEAR(B56))=0,A56+1,1)) -> 1 | B57: 42737 | C57: 강남영업부 | D57: 과장 이진아 | F57: 한전 | G57: 42737 | H57: 42766 | I57: =H57-G57 -> 29 | J57: =TRUNC(I57/30,0) -> 0 | K57: MMDA | L57: 50 | AD57: 0.0064 | AE57: =IF(Y57="","",Y57) | AJ57: =IF(AG57="","N","Y") -> N
A58: =IF(B58="","",IF((YEAR(B58)-YEAR(B57))=0,A57+1,1)) -> 2 | B58: 42739 | C58: 울산영업부 | D58: 차장 김정인 | F58: 석유공사 | G58: 42739 | H58: 42789 | I58: =H58-G58 -> 50 | J58: =TRUNC(I58/30,0) -> 1 | K58: 정기예금 | L58: 50 | Q58: 0.0077333 | S58: =AVERAGE(0.011,0.0093) -> 0.01015 | Y58: 0.005053 | AD58: 0.0075 | AE58: =IF(Y58="","",Y58) -> 0.005053 | AJ58: =IF(AG58="","N","Y") -> N
A59: =IF(B59="","",IF((YEAR(B59)-YEAR(B58))=0,A58+1,1)) -> 3 | B59: 42746 | C59: 울산영업부 | D59: 차장 김정인 | F59: 석유공사 | G59: 42746 | H59: 42801 | I59: =H59-G59 -> 55 | J59: =TRUNC(I59/30,0) -> 1 | K59: 정기예금 | L59: 60 | Q59: 0.00765 | S59: =AVERAGE(0.012,0.009) -> 0.0105 | Y59: 0.004972 | AD59: 0.0075 | AE59: =IF(Y59="","",Y59) -> 0.004972 | AG59: 0.0073 | AJ59: =IF(AG59="","N","Y") -> Y
A60: =IF(B60="","",IF((YEAR(B60)-YEAR(B59))=0,A59+1,1)) -> 4 | B60: 42753 | C60: 울산영업부 | D60: 차장 김정인 | F60: 석유공사 | G60: 42753 | H60: 42801 | I60: =H60-G60 -> 48 | J60: =TRUNC(I60/30,0) -> 1 | K60: 정기예금 | L60: 40 | Q60: 0.0076944 | S60: =AVERAGE(0.011,0.009) -> 0.01 | Y60: 0.005015 | AD60: 0.0064 | AE60: =IF(Y60="","",Y60) -> 0.005015 | AJ60: =IF(AG60="","N","Y") -> N
A61: =IF(B61="","",IF((YEAR(B61)-YEAR(B60))=0,A60+1,1)) -> 5 | B61: 42753 | C61: 강남영업부 | D61: 과장 이진아 | F61: SK하이닉스 | G61: 42753 | H61: 42784 | I61: =H61-G61 -> 31 | J61: =TRUNC(I61/30,0) -> 1 | K61: MMDA | L61: 50 | Q61: 0.0076944 | S61: =AVERAGE(0.011,0.009) -> 0.01 | Y61: 0.005015 | AD61: 0.006 | AE61: =IF(Y61="","",Y61) -> 0.005015 | AJ61: =IF(AG61="","N","Y") -> N
A62: =IF(B62="","",IF((YEAR(B62)-YEAR(B61))=0,A61+1,1)) -> 6 | B62: 42759 | C62: 강남영업부 | D62: 과장 이진아 | F62: 한전 | G62: 42759 | H62: 42790 | I62: =H62-G62 -> 31 | J62: =TRUNC(I62/30,0) -> 1 | K62: MMDA | L62: 50 | Q62: 0.0077111 | S62: =AVERAGE(0.0103,0.01) -> 0.01015 | Y62: 0.005031 | AD62: 0.0064 | AE62: =IF(Y62="","",Y62) -> 0.005031 | AJ62: =IF(AG62="","N","Y") -> N
A63: =IF(B63="","",IF((YEAR(B63)-YEAR(B62))=0,A62+1,1)) -> 7 | B63: 42759 | C63: 강남영업부 | D63: 과장 이진아 | F63: 한전 | G63: 42759 | H63: 42818 | I63: =H63-G63 -> 59 | J63: =TRUNC(I63/30,0) -> 1 | K63: 정기예금 | L63: 50 | Q63: 0.0084694 | S63: =AVERAGE(0.012,0.011) -> 0.0115 | Y63: 0.005031 | AD63: 0.0075 | AE63: =IF(Y63="","",Y63) -> 0.005031 | AJ63: =IF(AG63="","N","Y") -> N
A64: =IF(B64="","",IF((YEAR(B64)-YEAR(B63))=0,A63+1,1)) -> 8 | B64: 42761 | C64: 강남영업부 | D64: 과장 이진아 | F64: 한전 | G64: 42761 | H64: 42851 | I64: =H64-G64 -> 90 | J64: =TRUNC(I64/30,0) -> 3 | K64: 정기예금 | L64: 50 | Q64: 0.0103789 | S64: =AVERAGE(0.013,0.014) -> 0.0135 | Y64: 0.008046 | AD64: 0.009 | AE64: =IF(Y64="","",Y64) -> 0.008046 | AJ64: =IF(AG64="","N","Y") -> N
A65: =IF(B65="","",IF((YEAR(B65)-YEAR(B64))=0,A64+1,1)) -> 9 | B65: 42760 | C65: 울산영업부 | D65: 차장 김정인 | F65: 석유공사 | G65: 42760 | H65: 42801 | I65: =H65-G65 -> 41 | J65: =TRUNC(I65/30,0) -> 1 | K65: 정기예금 | L65: 50 | Q65: 0.0077333 | S65: =AVERAGE(0.0103,0.01) -> 0.01015 | Y65: 0.005053 | AD65: 0.0071 | AE65: =IF(Y65="","",Y65) -> 0.005053 | AJ65: =IF(AG65="","N","Y") -> N
A66: =IF(B66="","",IF((YEAR(B66)-YEAR(B65))=0,A65+1,1)) -> 10 | B66: 42761 | C66: 강남영업부 | D66: 과장 이진아 | F66: SK하이닉스 | G66: 42761 | H66: 42794 | I66: =H66-G66 -> 33 | J66: =TRUNC(I66/30,0) -> 1 | K66: MMDA | L66: 50 | Q66: 0.0077333 | S66: =AVERAGE(0.0103,0.01) -> 0.01015 | Y66: 0.005053 | AD66: 0.006 | AE66: =IF(Y66="","",Y66) -> 0.005053 | AG66: 0.0057 | AJ66: =IF(AG66="","N","Y") -> Y
A67: =IF(B67="","",IF((YEAR(B67)-YEAR(B66))=0,A66+1,1)) -> 11 | B67: 42767 | C67: 울산영업부 | D67: 차장 김정인 | F67: 석유공사 | G67: 42767 | H67: 42801 | I67: =H67-G67 -> 34 | J67: =TRUNC(I67/30,0) -> 1 | K67: 정기예금 | L67: 70 | Q67: 0.0077944 | S67: =AVERAGE(0.008,0.0087) -> 0.00835 | Y67: 0.005113 | AD67: 0.0063 | AE67: =IF(Y67="","",Y67) -> 0.005113 | AJ67: =IF(AG67="","N","Y") -> N
A68: =IF(B68="","",IF((YEAR(B68)-YEAR(B67))=0,A67+1,1)) -> 12 | B68: 42767 | C68: 강남영업부 | D68: 과장 이진아 | F68: 한전 | G68: 42767 | H68: 42794 | I68: =H68-G68 -> 27 | J68: =TRUNC(I68/30,0) -> 0 | K68: MMDA | L68: 50 | Q68: 0.0077944 | S68: =AVERAGE(0.008,0.0085) -> 0.00825 | Y68: 0.005113 | AD68: 0.0063 | AE68: =IF(Y68="","",Y68) -> 0.005113 | AJ68: =IF(AG68="","N","Y") -> N
A69: =IF(B69="","",IF((YEAR(B69)-YEAR(B68))=0,A68+1,1)) -> 13 | B69: 42774 | C69: 울산영업부 | D69: 차장 김정인 | F69: 석유공사 | G69: 42774 | H69: 42801 | I69: =H69-G69 -> 27 | J69: =TRUNC(I69/30,0) -> 0 | K69: 정기예금 | L69: 40 | Q69: 0.0077278 | S69: =AVERAGE(0.008,0.0087) -> 0.00835 | Y69: 0.004043 | AD69: 0.007 | AE69: =IF(Y69="","",Y69) -> 0.004043 | AJ69: =IF(AG69="","N","Y") -> N
A70: =IF(B70="","",IF((YEAR(B70)-YEAR(B69))=0,A69+1,1)) -> 14 | B70: 42781 | C70: 울산영업부 | D70: 차장 김정인 | F70: 석유공사 | G70: 42781 | H70: 42811 | I70: =H70-G70 -> 30 | J70: =TRUNC(I70/30,0) -> 1 | K70: 정기예금 | L70: 60 | Q70: 0.0077 | S70: =AVERAGE(0.008,0.0095) -> 0.00875 | Y70: 0.005021 | AD70: 0.007 | AE70: =IF(Y70="","",Y70) -> 0.005021 | AJ70: =IF(AG70="","N","Y") -> N
A71: =IF(B71="","",IF((YEAR(B71)-YEAR(B70))=0,A70+1,1)) -> 15 | B71: 42789 | C71: 울산영업부 | D71: 차장 김정인 | F71: 석유공사 | G71: 42789 | H71: 42801 | I71: =H71-G71 -> 12 | J71: =TRUNC(I71/30,0) -> 0 | K71: 정기예금 | L71: 60 | Q71: 0.0077944 | S71: =AVERAGE(0.0084,0.0085) -> 0.00845 | Y71: 0.003976 | AD71: 0.007 | AE71: =IF(Y71="","",Y71) -> 0.003976 | AJ71: =IF(AG71="","N","Y") -> N
A72: =IF(B72="","",IF((YEAR(B72)-YEAR(B71))=0,A71+1,1)) -> 16 | B72: 42796 | C72: 강남영업부 | D72: 과장 이진아 | F72: 한전 | G72: 42796 | H72: 42825 | I72: =H72-G72 -> 29 | J72: =TRUNC(I72/30,0) -> 0 | K72: MMDA | L72: 100 | Q72: 0.0081056 | S72: =AVERAGE(0.0095,0.0083,0.0082) -> 0.0086666667 | Y72: 0.00395 | AD72: 0.0064 | AE72: =IF(Y72="","",Y72) -> 0.00395 | AJ72: =IF(AG72="","N","Y") -> N
A73: =IF(B73="","",IF((YEAR(B73)-YEAR(B72))=0,A72+1,1)) -> 17 | B73: 42807 | C73: 강남영업부 | D73: 팀장 조은주 | F73: 한전 | G73: 42807 | H73: 42814 | I73: =H73-G73 -> 7 | J73: =TRUNC(I73/30,0) -> 0 | K73: 정기예금 | L73: 50 | Q73: 0.0084611 | S73: 0.007 | Y73: 0.005206 | AD73: 0.005206 | AE73: =IF(Y73="","",Y73) -> 0.005206 | AJ73: =IF(AG73="","N","Y") -> N
A74: =IF(B74="","",IF((YEAR(B74)-YEAR(B73))=0,A73+1,1)) -> 18 | B74: 42807 | C74: 강남영업부 | D74: 팀장 조은주 | F74: 한전 | G74: 42807 | H74: 42824 | I74: =H74-G74 -> 17 | J74: =TRUNC(I74/30,0) -> 0 | K74: MMDA | L74: 60 | Q74: 0.0084611 | S74: 0.007 | Y74: 0.005206 | AD74: 0.0062 | AE74: =IF(Y74="","",Y74) -> 0.005206 | AJ74: =IF(AG74="","N","Y") -> N
A75: =IF(B75="","",IF((YEAR(B75)-YEAR(B74))=0,A74+1,1)) -> 19 | B75: 42807 | C75: 포항공단점 | D75: 과장 이제훈 | F75: ㈜제이엔테크 | G75: 42807 | H75: 42870 | I75: =H75-G75 -> 63 | J75: =TRUNC(I75/30,0) -> 2 | K75: 정기예금 | L75: 1 | Q75: 0.006202 | S75: =AVERAGE(0.0109,0.0125) -> 0.0117 | Y75: 0.006202 | AD75: 0.0068 | AE75: =IF(Y75="","",Y75) -> 0.006202 | AG75: 0.0068 | AJ75: =IF(AG75="","N","Y") -> Y
A76: =IF(B76="","",IF((YEAR(B76)-YEAR(B75))=0,A75+1,1)) -> 20 | B76: 42811 | C76: 울산영업부 | D76: 차장 김정인 | F76: 석유공사 | G76: 42811 | H76: 42829 | I76: =H76-G76 -> 18 | J76: =TRUNC(I76/30,0) -> 0 | K76: 정기예금 | L76: 60 | Q76: 0.0094567 | S76: =AVERAGE(0.0094,0.01) -> 0.0097 | Y76: 0.006132 | AD76: 0.0074 | AE76: =IF(Y76="","",Y76) -> 0.006132 | AJ76: =IF(AG76="","N","Y") -> N
A77: =IF(B77="","",IF((YEAR(B77)-YEAR(B76))=0,A76+1,1)) -> 21 | B77: 42814 | C77: 강남영업부 | D77: 과장 이진아 | F77: 한전 | G77: 42814 | H77: 42821 | I77: =H77-G77 -> 7 | J77: =TRUNC(I77/30,0) -> 0 | K77: 정기예금 | Q77: 0.0094611 | S77: 0.0094 | Y77: 0.006136 | AD77: 0.0052 | AE77: =IF(Y77="","",Y77) -> 0.006136 | AJ77: =IF(AG77="","N","Y") -> N
A78: =IF(B78="","",IF((YEAR(B78)-YEAR(B77))=0,A77+1,1)) -> 22 | B78: 42816 | C78: 강남영업부 | D78: 과장 이진아 | F78: SK하이닉스 | G78: 42816 | H78: 42846 | I78: =H78-G78 -> 30 | J78: =TRUNC(I78/30,0) -> 1 | K78: MMDA | L78: 100 | Q78: 0.0092533 | S78: 0.0094 | Y78: 0.005536 | AD78: 0.0065 | AE78: =IF(Y78="","",Y78) -> 0.005536 | AG78: 0.0065 | AJ78: =IF(AG78="","N","Y") -> Y
A79: =IF(B79="","",IF((YEAR(B79)-YEAR(B78))=0,A78+1,1)) -> 23 | B79: 42818 | C79: 강남영업부 | D79: 과장 이진아 | F79: 한전 | G79: 42818 | H79: 42912 | I79: =H79-G79 -> 94 | J79: =TRUNC(I79/30,0) -> 3 | K79: 정기예금 | L79: 50 | Q79: 0.0115289 | S79: =AVERAGE(0.011,0.0145,0.012) -> 0.0125 | Y79: 0.009173 | AD79: 0.01 | AE79: =IF(Y79="","",Y79) -> 0.009173 | AJ79: =IF(AG79="","N","Y") -> N
A80: =IF(B80="","",IF((YEAR(B80)-YEAR(B79))=0,A79+1,1)) -> 24 | B80: 42818 | C80: 강남영업부 | D80: 과장 이진아 | F80: 한전 | G80: 42818 | H80: 42849 | I80: =H80-G80 -> 31 | J80: =TRUNC(I80/30,0) -> 1 | K80: MMDA | L80: 50 | Q80: 0.0092611 | S80: 0.0094 | Y80: 0.005515 | AD80: 0.0065 | AE80: =IF(Y80="","",Y80) -> 0.005515 | AJ80: =IF(AG80="","N","Y") -> N
A81: =IF(B81="","",IF((YEAR(B81)-YEAR(B80))=0,A80+1,1)) -> 25 | B81: 42822 | C81: 울산영업부 | D81: 차장 김정인 | F81: 석유공사 | G81: 42822 | H81: 42828 | I81: =H81-G81 -> 6 | J81: =TRUNC(I81/30,0) -> 0 | K81: 정기예금 | L81: 200 | Q81: 0.0094389 | S81: 0.0095 | Y81: 0.005515 | AD81: 0.0074 | AE81: =IF(Y81="","",Y81) -> 0.005515 | AJ81: =IF(AG81="","N","Y") -> N
A82: =IF(B82="","",IF((YEAR(B82)-YEAR(B81))=0,A81+1,1)) -> 26 | B82: 42822 | C82: 울산영업부 | D82: 차장 김정인 | F82: 석유공사 | G82: 42822 | H82: 42843 | I82: =H82-G82 -> 21 | J82: =TRUNC(I82/30,0) -> 0 | K82: 정기예금 | L82: 50 | Q82: 0.0094389 | S82: =AVERAGE(0.0102,0.0105) -> 0.01035 | Y82: 0.006115 | AD82: 0.008 | AE82: =IF(Y82="","",Y82) -> 0.006115 | AJ82: =IF(AG82="","N","Y") -> N
A83: =IF(B83="","",IF((YEAR(B83)-YEAR(B82))=0,A82+1,1)) -> 27 | B83: 42822 | C83: 울산영업부 | D83: 차장 김정인 | F83: 석유공사 | G83: 42822 | H83: 42865 | I83: =H83-G83 -> 43 | J83: =TRUNC(I83/30,0) -> 1 | K83: 정기예금 | L83: 100 | Q83: 0.0098278 | S83: =AVERAGE(0.0111,0.012) -> 0.01155 | Y83: 0.007106 | AD83: 0.009 | AE83: =IF(Y83="","",Y83) -> 0.007106 | AJ83: =IF(AG83="","N","Y") -> N
A84: =IF(B84="","",IF((YEAR(B84)-YEAR(B83))=0,A83+1,1)) -> 28 | B84: 42822 | C84: 울산영업부 | D84: 차장 김정인 | F84: 석유공사 | G84: 42822 | H84: 42893 | I84: =H84-G84 -> 71 | J84: =TRUNC(I84/30,0) -> 2 | K84: 정기예금 | L84: 100 | Q84: 0.0102278 | S84: =AVERAGE(0.0114,0.012,0.0119) -> 0.011766667 | Y84: 0.007106 | AD84: 0.0095 | AE84: =IF(Y84="","",Y84) -> 0.007106 | AJ84: =IF(AG84="","N","Y") -> N
A85: =IF(B85="","",IF((YEAR(B85)-YEAR(B84))=0,A84+1,1)) -> 29 | B85: 42822 | C85: 울산영업부 | D85: 차장 김정인 | F85: 석유공사 | G85: 42822 | H85: 42920 | I85: =H85-G85 -> 98 | J85: =TRUNC(I85/30,0) -> 3 | K85: 정기예금 | L85: 200 | Q85: 0.0115128 | S85: =AVERAGE(0.012,0.0119,0.012) -> 0.011966667 | Y85: 0.009157 | AD85: 0.01 | AE85: =IF(Y85="","",Y85) -> 0.009157 | AJ85: =IF(AG85="","N","Y") -> N
A86: =IF(B86="","",IF((YEAR(B86)-YEAR(B85))=0,A85+1,1)) -> 30 | B86: 42821 | C86: 강남영업부 | D86: 과장 이진아 | F86: 한전 | G86: 42821 | H86: 42852 | I86: =H86-G86 -> 31 | J86: =TRUNC(I86/30,0) -> 1 | K86: MMDA | L86: 70 | Q86: 0.0092667 | S86: =AVERAGE(0.0098,0.0097,0.0096) -> 0.0097 | Y86: 0.005515 | AD86: 0.0066 | AE86: =IF(Y86="","",Y86) -> 0.005515 | AJ86: =IF(AG86="","N","Y") -> N
A87: =IF(B87="","",IF((YEAR(B87)-YEAR(B86))=0,A86+1,1)) -> 31 | B87: 42823 | C87: 강남영업부 | D87: 팀장 조은주 | F87: SK하이닉스 | G87: 42823 | H87: 42854 | I87: =H87-G87 -> 31 | J87: =TRUNC(I87/30,0) -> 1 | K87: MMDA | L87: 50 | Q87: 0.0092667 | S87: =AVERAGE(0.0098,0.0097,0.0096) -> 0.0097 | Y87: 0.005515 | AD87: 0.0063 | AE87: =IF(Y87="","",Y87) -> 0.005515 | AG87: 0.0065 | AJ87: =IF(AG87="","N","Y") -> Y
A88: =IF(B88="","",IF((YEAR(B88)-YEAR(B87))=0,A87+1,1)) -> 32 | B88: 42824 | C88: 강남영업부 | D88: 과장 이진아 | F88: 한전 | G88: 42824 | H88: 42855 | I88: =H88-G88 -> 31 | J88: =TRUNC(I88/30,0) -> 1 | K88: MMDA | L88: 30 | Q88: 0.0092556 | S88: =AVERAGE(0.0098,0.0097) -> 0.00975 | Y88: 0.005551 | AD88: 0.0066 | AE88: =IF(Y88="","",Y88) -> 0.005551 | AJ88: =IF(AG88="","N","Y") -> N
A89: =IF(B89="","",IF((YEAR(B89)-YEAR(B88))=0,A88+1,1)) -> 33 | B89: 42829 | C89: 울산영업부 | D89: 차장 김정인 | F89: 석유공사 | G89: 42829 | H89: 42850 | I89: =H89-G89 -> 21 | J89: =TRUNC(I89/30,0) -> 0 | K89: 정기예금 | L89: 60 | Q89: 0.009511 | S89: =AVERAGE(0.011,0.0103) -> 0.01065 | Y89: 0.006181 | AD89: 0.0074 | AE89: =IF(Y89="","",Y89) -> 0.006181 | AJ89: =IF(AG89="","N","Y") -> N
A90: =IF(B90="","",IF((YEAR(B90)-YEAR(B89))=0,A89+1,1)) -> 34 | B90: 42839 | C90: 강남영업부 | D90: 과장 이진아 | F90: 한전 | G90: 42839 | H90: 42849 | I90: =H90-G90 -> 10 | J90: =TRUNC(I90/30,0) -> 0 | K90: 정기예금 | L90: 50 | Q90: 0.008205 | S90: 0.0097 | Y90: 0.005131 | AD90: 0.007 | AE90: =IF(Y90="","",Y90) -> 0.005131 | AJ90: =IF(AG90="","N","Y") -> N
A91: =IF(B91="","",IF((YEAR(B91)-YEAR(B90))=0,A90+1,1)) -> 35 | B91: 42839 | C91: 강남영업부 | D91: 과장 이진아 | F91: 한전 | G91: 42839 | H91: 42853 | I91: =H91-G91 -> 14 | J91: =TRUNC(I91/30,0) -> 0 | K91: MMDA | L91: 45 | Q91: 0.008011 | S91: 0.0097 | Y91: 0.004331 | AD91: 0.0064 | AE91: =IF(Y91="","",Y91) -> 0.004331 | AJ91: =IF(AG91="","N","Y") -> N
A92: =IF(B92="","",IF((YEAR(B92)-YEAR(B91))=0,A91+1,1)) -> 36 | B92: 42843 | C92: 울산영업부 | D92: 차장 김정인 | F92: 석유공사 | G92: 42843 | H92: 42879 | I92: =H92-G92 -> 36 | J92: =TRUNC(I92/30,0) -> 1 | K92: 정기예금 | L92: 40 | Q92: 0.0099444 | S92: =AVERAGE(0.0113,0.0112) -> 0.01125 | Y92: 0.00632 | AD92: 0.009 | AE92: =IF(Y92="","",Y92) -> 0.00632 | AJ92: =IF(AG92="","N","Y") -> N
A93: =IF(B93="","",IF((YEAR(B93)-YEAR(B92))=0,A92+1,1)) -> 37 | B93: 42845 | C93: 강남영업부 | D93: 과장 이진아 | F93: SK하이닉스 | G93: 42845 | H93: 42877 | I93: =H93-G93 -> 32 | J93: =TRUNC(I93/30,0) -> 1 | K93: MMDA | L93: 150 | Q93: 0.0093 | S93: =AVERAGE(0.0098,0.0096) -> 0.0097 | Y93: 0.004336 | AD93: 0.0065 | AE93: =IF(Y93="","",Y93) -> 0.004336 | AJ93: =IF(AG93="","N","Y") -> N
A94: =IF(B94="","",IF((YEAR(B94)-YEAR(B93))=0,A93+1,1)) -> 38 | B94: 42849 | C94: 강남영업부 | D94: 과장 이진아 | F94: 한전 | G94: 42849 | H94: 42879 | I94: =H94-G94 -> 30 | J94: =TRUNC(I94/30,0) -> 1 | K94: MMDA | L94: 50 | Q94: 0.0092944 | S94: =AVERAGE(0.0098,0.0096) -> 0.0097 | Y94: 0.004326 | AD94: 0.0068 | AE94: =IF(Y94="","",Y94) -> 0.004326 | AJ94: =IF(AG94="","N","Y") -> N
A95: =IF(B95="","",IF((YEAR(B95)-YEAR(B94))=0,A94+1,1)) -> 39 | B95: 42850 | C95: 울산영업부 | D95: 차장 김정인 | F95: 석유공사 | G95: 42850 | H95: 42885 | I95: =H95-G95 -> 35 | J95: =TRUNC(I95/30,0) -> 1 | K95: 정기예금 | L95: 60 | Q95: 0.0099111 | S95: =AVERAGE(0.0111,0.0115) -> 0.0113 | Y95: 0.006287 | AD95: 0.0085 | AE95: =IF(Y95="","",Y95) -> 0.006287 | AJ95: =IF(AG95="","N","Y") -> N
A96: =IF(B96="","",IF((YEAR(B96)-YEAR(B95))=0,A95+1,1)) -> 40 | B96: 42851 | C96: 강남영업부 | D96: 과장 이진아 | F96: 한전 | G96: 42851 | H96: 42881 | I96: =H96-G96 -> 30 | J96: =TRUNC(I96/30,0) -> 1 | K96: 정기예금 | L96: 50 | Q96: 0.0099222 | S96: =AVERAGE(0.0111,0.0115) -> 0.0113 | Y96: 0.006298 | Z96: 0.0021 | AA96: 0.001 | AC96: =S96-Z96-AA96 -> 0.0082 | AD96: 0.009 | AE96: =IF(Y96="","",Y96) -> 0.006298 | AJ96: =IF(AG96="","N","Y") -> N | AL96: 1.1%이상
A97: =IF(B97="","",IF((YEAR(B97)-YEAR(B96))=0,A96+1,1)) -> 41 | B97: 42851 | C97: 강남영업부 | D97: 과장 이진아 | F97: 한전 | G97: 42851 | H97: 42912 | I97: =H97-G97 -> 61 | J97: =TRUNC(I97/30,0) -> 2 | K97: 정기예금 | L97: 50 | Q97: 0.0104056 | S97: 0.0124 | Y97: 0.006771 | Z97: 0.0021 | AA97: 0.001 | AC97: =S97-Z97-AA97 -> 0.0093 | AD97: 0.0092 | AE97: =IF(Y97="","",Y97) -> 0.006771 | AJ97: =IF(AG97="","N","Y") -> N
A98: =IF(B98="","",IF((YEAR(B98)-YEAR(B97))=0,A97+1,1)) -> 42 | B98: 42851 | C98: 강남영업부 | D98: 과장 이진아 | F98: 한전 | G98: 42851 | H98: 42943 | I98: =H98-G98 -> 92 | J98: =TRUNC(I98/30,0) -> 3 | K98: 정기예금 | L98: 50 | Q98: 0.0117039 | S98: =AVERAGE(0.0133,0.014) -> 0.01365 | Y98: 0.007544 | Z98: 0.0021 | AA98: 0.001 | AC98: =S98-Z98-AA98 -> 0.01055 | AD98: 0.011 | AE98: =IF(Y98="","",Y98) -> 0.007544 | AJ98: =IF(AG98="","N","Y") -> N | AL98: 1.5% 이상
A99: =IF(B99="","",IF((YEAR(B99)-YEAR(B98))=0,A98+1,1)) -> 43 | B99: 42865 | C99: 울산영업부 | D99: 차장 김정인 | F99: 석유공사 | G99: 42865 | H99: 42907 | I99: =H99-G99 -> 42 | J99: =TRUNC(I99/30,0) -> 1 | K99: 정기예금 | L99: 30 | Q99: 0.0098856 | S99: =AVERAGE(0.0113,0.0112) -> 0.01125 | Y99: 0.006262 | Z99: 0.0021 | AA99: 0.001 | AC99: =S99-Z99-AA99 -> 0.00815 | AD99: 0.009 | AE99: =IF(Y99="","",Y99) -> 0.006262 | AJ99: =IF(AG99="","N","Y") -> N
A100: =IF(B100="","",IF((YEAR(B100)-YEAR(B99))=0,A99+1,1)) -> 44 | B100: 42874 | C100: 서울영업부 | D100: 차장 이순정 | F100: 현대중공업 | G100: 42874 | H100: 42905 | I100: =H100-G100 -> 31 | J100: =TRUNC(I100/30,0) -> 1 | K100: MMDA | L100: 10 | Q100: 0.0092778 | S100: =AVERAGE(0.0099,0.0098) -> 0.00985 | Y100: 0.004346 | Z100: 0.0032 | AA100: 0.001 | AC100: =S100-Z100-AA100 -> 0.00565 | AD100: 0.006 | AE100: =IF(Y100="","",Y100) -> 0.004346 | AG100: 0.006 | AJ100: =IF(AG100="","N","Y") -> Y
A101: =IF(B101="","",IF((YEAR(B101)-YEAR(B100))=0,A100+1,1)) -> 45 | B101: 42874 | C101: 강남영업부 | D101: 과장 이진아 | F101: SK하이닉스 | G101: 42874 | H101: 42908 | I101: =H101-G101 -> 34 | J101: =TRUNC(I101/30,0) -> 1 | K101: MMDA | L101: 150 | Q101: 0.0092778 | S101: =AVERAGE(0.0099,0.0098) -> 0.00985 | Y101: 0.004346 | Z101: 0.0032 | AA101: 0.001 | AC101: =S101-Z101-AA101 -> 0.00565 | AD101: 0.0065 | AE101: =IF(Y101="","",Y101) -> 0.004346 | AG101: 0.0065 | AJ101: =IF(AG101="","N","Y") -> Y
...

Sheet 예금만기도래
A1: ■ 외화예금 만기도래 현황 (기준일 ~ +10일)
A2: 기준일 | B2: =TODAY() -> 46189 | D2: ←날짜 직접 입력시 해당일 기준 조회 | G2: 총 건수 | H2: =COUNT($Y$6:$Y$85) -> 11 | I2: 합계(백만불) | J2: =SUM($I$6:$I$85) -> 51.24
A3: 조회기간 | B3: =TEXT(B2,"yyyy-mm-dd")&" ~ "&TEXT(B2+10,"yyyy-mm-dd") -> 2026-06-16 ~ 2026-06-26 | G3: 10백만불↑ | H3: =COUNTIF($I$6:$I$85,">=10") -> 2
A5: 구분 | B5: 만기일 | C5: 요일 | D5: 시작일 | E5: 업체명 | F5: 영업점 | G5: 예금종류 | H5: 통화 | I5: 금액(백만불) | J5: 승인금리 | K5: 자금마진 | L5: 비고
A6: =IF($Y6="","",IF(INDEX($N$6:$N$1005,$Y6)=$B$2,"오늘","+"&(INDEX($N$6:$N$1005,$Y6)-$B$2)&"일")) -> 오늘 | B6: =IF($Y6="","",INDEX($N$6:$N$1005,$Y6)) -> 46189 | C6: =IF($Y6="","",CHOOSE(WEEKDAY(INDEX($N$6:$N$1005,$Y6)),"일","월","화","수","목","금","토")) -> 화 | D6: =IF($Y6="","",INDEX($O$6:$O$1005,$Y6)) -> 46097 | E6: =IF($Y6="","",INDEX($P$6:$P$1005,$Y6)) -> ㈜ 동아홀딩스 | F6: =IF($Y6="","",INDEX($Q$6:$Q$1005,$Y6)) -> 달성공단영업부 | G6: =IF($Y6="","",INDEX($R$6:$R$1005,$Y6)) -> 정기예금 | H6: =IF($Y6="","","USD") -> USD | I6: =IF($Y6="","",INDEX($S$6:$S$1005,$Y6)) -> 2.19 | J6: =IF($Y6="","",INDEX($T$6:$T$1005,$Y6)) -> 0.036 | K6: =IF($Y6="","",INDEX($U$6:$U$1005,$Y6)) -> 0.00264 | L6: =IF($Y6="","",IF(INDEX($S$6:$S$1005,$Y6)>=10,"★ 10백만불↑","")) | N6: =IF('(1)예금승인내역'!H632="","",'(1)예금승인내역'!H632) -> 45313 | O6: =IF('(1)예금승인내역'!G632="","",'(1)예금승인내역'!G632) -> 45280 | P6: =IF('(1)예금승인내역'!F632="","",'(1)예금승인내역'!F632) -> 주식회사 한국비앤씨 | Q6: =IF('(1)예금승인내역'!C632="","",'(1)예금승인내역'!C632) -> 성서영업부 | R6: =IF('(1)예금승인내역'!K632="","",'(1)예금승인내역'!K632) -> 정기예금 | S6: =IF('(1)예금승인내역'!L632="","",'(1)예금승인내역'!L632) -> 5 | T6: =IF('(1)예금승인내역'!AG632="","",'(1)예금승인내역'!AG632) -> 0.0525 | U6: =IF('(1)예금승인내역'!X632="","",'(1)예금승인내역'!X632) -> 0.002275 | V6: =IF(ISNUMBER(N6),N6-$B$2,"") -> -876 | W6: =IF(AND(ISNUMBER(N6),N6>=$B$2,N6<=$B$2+10),N6*100000+ROW(),"") | X6: =IFERROR(SMALL($W$6:$W$1005,1),"") -> 4618900541 | Y6: =IF(X6="","",MATCH(X6,$W$6:$W$1005,0)) -> 536
A7: =IF($Y7="","",IF(INDEX($N$6:$N$1005,$Y7)=$B$2,"오늘","+"&(INDEX($N$6:$N$1005,$Y7)-$B$2)&"일")) -> 오늘 | B7: =IF($Y7="","",INDEX($N$6:$N$1005,$Y7)) -> 46189 | C7: =IF($Y7="","",CHOOSE(WEEKDAY(INDEX($N$6:$N$1005,$Y7)),"일","월","화","수","목","금","토")) -> 화 | D7: =IF($Y7="","",INDEX($O$6:$O$1005,$Y7)) -> 46097 | E7: =IF($Y7="","",INDEX($P$6:$P$1005,$Y7)) -> 해내다컨트리클럽 | F7: =IF($Y7="","",INDEX($Q$6:$Q$1005,$Y7)) -> 달성공단영업부 | G7: =IF($Y7="","",INDEX($R$6:$R$1005,$Y7)) -> 정기예금 | H7: =IF($Y7="","","USD") -> USD | I7: =IF($Y7="","",INDEX($S$6:$S$1005,$Y7)) -> 3.65 | J7: =IF($Y7="","",INDEX($T$6:$T$1005,$Y7)) -> 0.036 | K7: =IF($Y7="","",INDEX($U$6:$U$1005,$Y7)) -> 0.00264 | L7: =IF($Y7="","",IF(INDEX($S$6:$S$1005,$Y7)>=10,"★ 10백만불↑","")) | N7: =IF('(1)예금승인내역'!H633="","",'(1)예금승인내역'!H633) -> 45313 | O7: =IF('(1)예금승인내역'!G633="","",'(1)예금승인내역'!G633) -> 45280 | P7: =IF('(1)예금승인내역'!F633="","",'(1)예금승인내역'!F633) -> 주식회사 한국비앤씨 | Q7: =IF('(1)예금승인내역'!C633="","",'(1)예금승인내역'!C633) -> 성서영업부 | R7: =IF('(1)예금승인내역'!K633="","",'(1)예금승인내역'!K633) -> 정기예금 | S7: =IF('(1)예금승인내역'!L633="","",'(1)예금승인내역'!L633) -> 5 | T7: =IF('(1)예금승인내역'!AG633="","",'(1)예금승인내역'!AG633) -> 0.0525 | U7: =IF('(1)예금승인내역'!X633="","",'(1)예금승인내역'!X633) -> 0.002275 | V7: =IF(ISNUMBER(N7),N7-$B$2,"") -> -876 | W7: =IF(AND(ISNUMBER(N7),N7>=$B$2,N7<=$B$2+10),N7*100000+ROW(),"") | X7: =IFERROR(SMALL($W$6:$W$1005,2),"") -> 4618900542 | Y7: =IF(X7="","",MATCH(X7,$W$6:$W$1005,0)) -> 537
A8: =IF($Y8="","",IF(INDEX($N$6:$N$1005,$Y8)=$B$2,"오늘","+"&(INDEX($N$6:$N$1005,$Y8)-$B$2)&"일")) -> 오늘 | B8: =IF($Y8="","",INDEX($N$6:$N$1005,$Y8)) -> 46189 | C8: =IF($Y8="","",CHOOSE(WEEKDAY(INDEX($N$6:$N$1005,$Y8)),"일","월","화","수","목","금","토")) -> 화 | D8: =IF($Y8="","",INDEX($O$6:$O$1005,$Y8)) -> 46097 | E8: =IF($Y8="","",INDEX($P$6:$P$1005,$Y8)) -> 거림테크주식회사 | F8: =IF($Y8="","",INDEX($Q$6:$Q$1005,$Y8)) -> 죽전지점 | G8: =IF($Y8="","",INDEX($R$6:$R$1005,$Y8)) -> 정기예금 | H8: =IF($Y8="","","USD") -> USD | I8: =IF($Y8="","",INDEX($S$6:$S$1005,$Y8)) -> 2 | J8: =IF($Y8="","",INDEX($T$6:$T$1005,$Y8)) -> 0.0365 | K8: =IF($Y8="","",INDEX($U$6:$U$1005,$Y8)) -> 0.00214 | L8: =IF($Y8="","",IF(INDEX($S$6:$S$1005,$Y8)>=10,"★ 10백만불↑","")) | N8: =IF('(1)예금승인내역'!H634="","",'(1)예금승인내역'!H634) -> 45313 | O8: =IF('(1)예금승인내역'!G634="","",'(1)예금승인내역'!G634) -> 45280 | P8: =IF('(1)예금승인내역'!F634="","",'(1)예금승인내역'!F634) -> ㈜대우로지스틱스 | Q8: =IF('(1)예금승인내역'!C634="","",'(1)예금승인내역'!C634) -> 사상공단영업부 | R8: =IF('(1)예금승인내역'!K634="","",'(1)예금승인내역'!K634) -> MMDA | S8: =IF('(1)예금승인내역'!L634="","",'(1)예금승인내역'!L634) -> 1 | T8: =IF('(1)예금승인내역'!AG634="","",'(1)예금승인내역'!AG634) -> 0.0435 | U8: =IF('(1)예금승인내역'!X634="","",'(1)예금승인내역'!X634) -> 0.009148 | V8: =IF(ISNUMBER(N8),N8-$B$2,"") -> -876 | W8: =IF(AND(ISNUMBER(N8),N8>=$B$2,N8<=$B$2+10),N8*100000+ROW(),"") | X8: =IFERROR(SMALL($W$6:$W$1005,3),"") -> 4618900543 | Y8: =IF(X8="","",MATCH(X8,$W$6:$W$1005,0)) -> 538
A9: =IF($Y9="","",IF(INDEX($N$6:$N$1005,$Y9)=$B$2,"오늘","+"&(INDEX($N$6:$N$1005,$Y9)-$B$2)&"일")) -> +1일 | B9: =IF($Y9="","",INDEX($N$6:$N$1005,$Y9)) -> 46190 | C9: =IF($Y9="","",CHOOSE(WEEKDAY(INDEX($N$6:$N$1005,$Y9)),"일","월","화","수","목","금","토")) -> 수 | D9: =IF($Y9="","",INDEX($O$6:$O$1005,$Y9)) -> 46098 | E9: =IF($Y9="","",INDEX($P$6:$P$1005,$Y9)) -> 거림테크주식회사 | F9: =IF($Y9="","",INDEX($Q$6:$Q$1005,$Y9)) -> 죽전지점 | G9: =IF($Y9="","",INDEX($R$6:$R$1005,$Y9)) -> 정기예금 | H9: =IF($Y9="","","USD") -> USD | I9: =IF($Y9="","",INDEX($S$6:$S$1005,$Y9)) -> 2 | J9: =IF($Y9="","",INDEX($T$6:$T$1005,$Y9)) -> 0.0365 | K9: =IF($Y9="","",INDEX($U$6:$U$1005,$Y9)) -> 0.002232 | L9: =IF($Y9="","",IF(INDEX($S$6:$S$1005,$Y9)>=10,"★ 10백만불↑","")) | N9: =IF('(1)예금승인내역'!H635="","",'(1)예금승인내역'!H635) -> 45659 | O9: =IF('(1)예금승인내역'!G635="","",'(1)예금승인내역'!G635) -> 45293 | P9: =IF('(1)예금승인내역'!F635="","",'(1)예금승인내역'!F635) -> 윤만수 | Q9: =IF('(1)예금승인내역'!C635="","",'(1)예금승인내역'!C635) -> 경산공단영업부 | R9: =IF('(1)예금승인내역'!K635="","",'(1)예금승인내역'!K635) -> 정기예금 | S9: =IF('(1)예금승인내역'!L635="","",'(1)예금승인내역'!L635) -> 1 | T9: =IF('(1)예금승인내역'!AG635="","",'(1)예금승인내역'!AG635) -> 0.05 | U9: =IF('(1)예금승인내역'!X635="","",'(1)예금승인내역'!X635) -> 0.004779 | V9: =IF(ISNUMBER(N9),N9-$B$2,"") -> -530 | W9: =IF(AND(ISNUMBER(N9),N9>=$B$2,N9<=$B$2+10),N9*100000+ROW(),"") | X9: =IFERROR(SMALL($W$6:$W$1005,4),"") -> 4619000544 | Y9: =IF(X9="","",MATCH(X9,$W$6:$W$1005,0)) -> 539
A10: =IF($Y10="","",IF(INDEX($N$6:$N$1005,$Y10)=$B$2,"오늘","+"&(INDEX($N$6:$N$1005,$Y10)-$B$2)&"일")) -> +3일 | B10: =IF($Y10="","",INDEX($N$6:$N$1005,$Y10)) -> 46192 | C10: =IF($Y10="","",CHOOSE(WEEKDAY(INDEX($N$6:$N$1005,$Y10)),"일","월","화","수","목","금","토")) -> 금 | D10: =IF($Y10="","",INDEX($O$6:$O$1005,$Y10)) -> 46162 | E10: =IF($Y10="","",INDEX($P$6:$P$1005,$Y10)) -> ㈜일지테크 | F10: =IF($Y10="","",INDEX($Q$6:$Q$1005,$Y10)) -> 경산공단영업부 | G10: =IF($Y10="","",INDEX($R$6:$R$1005,$Y10)) -> MMDA | H10: =IF($Y10="","","USD") -> USD | I10: =IF($Y10="","",INDEX($S$6:$S$1005,$Y10)) -> 11.11 | J10: =IF($Y10="","",INDEX($T$6:$T$1005,$Y10)) -> 0.032 | K10: =IF($Y10="","",INDEX($U$6:$U$1005,$Y10)) -> 0.003398 | L10: =IF($Y10="","",IF(INDEX($S$6:$S$1005,$Y10)>=10,"★ 10백만불↑","")) -> ★ 10백만불↑ | N10: =IF('(1)예금승인내역'!H636="","",'(1)예금승인내역'!H636) -> 45659 | O10: =IF('(1)예금승인내역'!G636="","",'(1)예금승인내역'!G636) -> 45293 | P10: =IF('(1)예금승인내역'!F636="","",'(1)예금승인내역'!F636) -> 윤만수 | Q10: =IF('(1)예금승인내역'!C636="","",'(1)예금승인내역'!C636) -> 경산공단영업부 | R10: =IF('(1)예금승인내역'!K636="","",'(1)예금승인내역'!K636) -> 정기예금 | S10: =IF('(1)예금승인내역'!L636="","",'(1)예금승인내역'!L636) -> 0.5 | T10: =IF('(1)예금승인내역'!AG636="","",'(1)예금승인내역'!AG636) -> 0.05 | U10: =IF('(1)예금승인내역'!X636="","",'(1)예금승인내역'!X636) -> 0.004779 | V10: =IF(ISNUMBER(N10),N10-$B$2,"") -> -530 | W10: =IF(AND(ISNUMBER(N10),N10>=$B$2,N10<=$B$2+10),N10*100000+ROW(),"") | X10: =IFERROR(SMALL($W$6:$W$1005,5),"") -> 4619200590 | Y10: =IF(X10="","",MATCH(X10,$W$6:$W$1005,0)) -> 585
A11: =IF($Y11="","",IF(INDEX($N$6:$N$1005,$Y11)=$B$2,"오늘","+"&(INDEX($N$6:$N$1005,$Y11)-$B$2)&"일")) -> +3일 | B11: =IF($Y11="","",INDEX($N$6:$N$1005,$Y11)) -> 46192 | C11: =IF($Y11="","",CHOOSE(WEEKDAY(INDEX($N$6:$N$1005,$Y11)),"일","월","화","수","목","금","토")) -> 금 | D11: =IF($Y11="","",INDEX($O$6:$O$1005,$Y11)) -> 46162 | E11: =IF($Y11="","",INDEX($P$6:$P$1005,$Y11)) -> ㈜약진통상 | F11: =IF($Y11="","",INDEX($Q$6:$Q$1005,$Y11)) -> 반월공단영업부 | G11: =IF($Y11="","",INDEX($R$6:$R$1005,$Y11)) -> MMDA | H11: =IF($Y11="","","USD") -> USD | I11: =IF($Y11="","",INDEX($S$6:$S$1005,$Y11)) -> 12.39 | J11: =IF($Y11="","",INDEX($T$6:$T$1005,$Y11)) -> 0.032 | K11: =IF($Y11="","",INDEX($U$6:$U$1005,$Y11)) -> 0.003398 | L11: =IF($Y11="","",IF(INDEX($S$6:$S$1005,$Y11)>=10,"★ 10백만불↑","")) -> ★ 10백만불↑ | N11: =IF('(1)예금승인내역'!H637="","",'(1)예금승인내역'!H637) -> 45335 | O11: =IF('(1)예금승인내역'!G637="","",'(1)예금승인내역'!G637) -> 45302 | P11: =IF('(1)예금승인내역'!F637="","",'(1)예금승인내역'!F637) -> 한국비철㈜ | Q11: =IF('(1)예금승인내역'!C637="","",'(1)예금승인내역'!C637) -> 달성공단영업부 | R11: =IF('(1)예금승인내역'!K637="","",'(1)예금승인내역'!K637) -> MMDA | S11: =IF('(1)예금승인내역'!L637="","",'(1)예금승인내역'!L637) -> 8.59 | T11: =IF('(1)예금승인내역'!AG637="","",'(1)예금승인내역'!AG637) -> 0.043 | U11: =IF('(1)예금승인내역'!X637="","",'(1)예금승인내역'!X637) -> 0.009316 | V11: =IF(ISNUMBER(N11),N11-$B$2,"") -> -854 | W11: =IF(AND(ISNUMBER(N11),N11>=$B$2,N11<=$B$2+10),N11*100000+ROW(),"") | X11: =IFERROR(SMALL($W$6:$W$1005,6),"") -> 4619200591 | Y11: =IF(X11="","",MATCH(X11,$W$6:$W$1005,0)) -> 586
A12: =IF($Y12="","",IF(INDEX($N$6:$N$1005,$Y12)=$B$2,"오늘","+"&(INDEX($N$6:$N$1005,$Y12)-$B$2)&"일")) -> +3일 | B12: =IF($Y12="","",INDEX($N$6:$N$1005,$Y12)) -> 46192 | C12: =IF($Y12="","",CHOOSE(WEEKDAY(INDEX($N$6:$N$1005,$Y12)),"일","월","화","수","목","금","토")) -> 금 | D12: =IF($Y12="","",INDEX($O$6:$O$1005,$Y12)) -> 46162 | E12: =IF($Y12="","",INDEX($P$6:$P$1005,$Y12)) -> 대원지에스아이 | F12: =IF($Y12="","",INDEX($Q$6:$Q$1005,$Y12)) -> 유통단지영업부 | G12: =IF($Y12="","",INDEX($R$6:$R$1005,$Y12)) -> 정기예금 | H12: =IF($Y12="","","USD") -> USD | I12: =IF($Y12="","",INDEX($S$6:$S$1005,$Y12)) -> 1.5 | J12: =IF($Y12="","",INDEX($T$6:$T$1005,$Y12)) -> 0.034 | K12: =IF($Y12="","",INDEX($U$6:$U$1005,$Y12)) -> 0.002487 | L12: =IF($Y12="","",IF(INDEX($S$6:$S$1005,$Y12)>=10,"★ 10백만불↑","")) | N12: =IF('(1)예금승인내역'!H638="","",'(1)예금승인내역'!H638) -> 45579 | O12: =IF('(1)예금승인내역'!G638="","",'(1)예금승인내역'!G638) -> 45303 | P12: =IF('(1)예금승인내역'!F638="","",'(1)예금승인내역'!F638) -> 케이와이글로벌셀앤진사모투자합자회사 | Q12: =IF('(1)예금승인내역'!C638="","",'(1)예금승인내역'!C638) -> 평택금융센터 | R12: =IF('(1)예금승인내역'!K638="","",'(1)예금승인내역'!K638) -> 정기예금 | S12: =IF('(1)예금승인내역'!L638="","",'(1)예금승인내역'!L638) -> 2.48 | T12: =IF('(1)예금승인내역'!AG638="","",'(1)예금승인내역'!AG638) -> 0.0515 | U12: =IF('(1)예금승인내역'!X638="","",'(1)예금승인내역'!X638) -> 0.003763 | V12: =IF(ISNUMBER(N12),N12-$B$2,"") -> -610 | W12: =IF(AND(ISNUMBER(N12),N12>=$B$2,N12<=$B$2+10),N12*100000+ROW(),"") | X12: =IFERROR(SMALL($W$6:$W$1005,7),"") -> 4619200592 | Y12: =IF(X12="","",MATCH(X12,$W$6:$W$1005,0)) -> 587
A13: =IF($Y13="","",IF(INDEX($N$6:$N$1005,$Y13)=$B$2,"오늘","+"&(INDEX($N$6:$N$1005,$Y13)-$B$2)&"일")) -> +3일 | B13: =IF($Y13="","",INDEX($N$6:$N$1005,$Y13)) -> 46192 | C13: =IF($Y13="","",CHOOSE(WEEKDAY(INDEX($N$6:$N$1005,$Y13)),"일","월","화","수","목","금","토")) -> 금 | D13: =IF($Y13="","",INDEX($O$6:$O$1005,$Y13)) -> 46162 | E13: =IF($Y13="","",INDEX($P$6:$P$1005,$Y13)) -> ㈜비알팜 | F13: =IF($Y13="","",INDEX($Q$6:$Q$1005,$Y13)) -> 원주금융센터 | G13: =IF($Y13="","",INDEX($R$6:$R$1005,$Y13)) -> MMDA | H13: =IF($Y13="","","USD") -> USD | I13: =IF($Y13="","",INDEX($S$6:$S$1005,$Y13)) -> 5.73 | J13: =IF($Y13="","",INDEX($T$6:$T$1005,$Y13)) -> 0.032 | K13: =IF($Y13="","",INDEX($U$6:$U$1005,$Y13)) -> 0.003398 | L13: =IF($Y13="","",IF(INDEX($S$6:$S$1005,$Y13)>=10,"★ 10백만불↑","")) | N13: =IF('(1)예금승인내역'!H639="","",'(1)예금승인내역'!H639) -> 45314 | O13: =IF('(1)예금승인내역'!G639="","",'(1)예금승인내역'!G639) -> 45307 | P13: =IF('(1)예금승인내역'!F639="","",'(1)예금승인내역'!F639) -> 한국석유공사 | Q13: =IF('(1)예금승인내역'!C639="","",'(1)예금승인내역'!C639) -> 울산영업부 | R13: =IF('(1)예금승인내역'!K639="","",'(1)예금승인내역'!K639) -> 정기예금 | S13: =IF('(1)예금승인내역'!L639="","",'(1)예금승인내역'!L639) -> 20 | T13: =IF('(1)예금승인내역'!AG639="","",'(1)예금승인내역'!AG639) -> 0.0505 | U13: =IF('(1)예금승인내역'!X639="","",'(1)예금승인내역'!X639) -> 0.002227 | V13: =IF(ISNUMBER(N13),N13-$B$2,"") -> -875 | W13: =IF(AND(ISNUMBER(N13),N13>=$B$2,N13<=$B$2+10),N13*100000+ROW(),"") | X13: =IFERROR(SMALL($W$6:$W$1005,8),"") -> 4619200593 | Y13: =IF(X13="","",MATCH(X13,$W$6:$W$1005,0)) -> 588
A14: =IF($Y14="","",IF(INDEX($N$6:$N$1005,$Y14)=$B$2,"오늘","+"&(INDEX($N$6:$N$1005,$Y14)-$B$2)&"일")) -> +6일 | B14: =IF($Y14="","",INDEX($N$6:$N$1005,$Y14)) -> 46195 | C14: =IF($Y14="","",CHOOSE(WEEKDAY(INDEX($N$6:$N$1005,$Y14)),"일","월","화","수","목","금","토")) -> 월 | D14: =IF($Y14="","",INDEX($O$6:$O$1005,$Y14)) -> 46162 | E14: =IF($Y14="","",INDEX($P$6:$P$1005,$Y14)) -> 한국비앤씨㈜ | F14: =IF($Y14="","",INDEX($Q$6:$Q$1005,$Y14)) -> 달성공단영업부 | G14: =IF($Y14="","",INDEX($R$6:$R$1005,$Y14)) -> MMDA | H14: =IF($Y14="","","USD") -> USD | I14: =IF($Y14="","",INDEX($S$6:$S$1005,$Y14)) -> 8.67 | J14: =IF($Y14="","",INDEX($T$6:$T$1005,$Y14)) -> 0.032 | K14: =IF($Y14="","",INDEX($U$6:$U$1005,$Y14)) -> 0.003398 | L14: =IF($Y14="","",IF(INDEX($S$6:$S$1005,$Y14)>=10,"★ 10백만불↑","")) | N14: =IF('(1)예금승인내역'!H640="","",'(1)예금승인내역'!H640) -> 45348 | O14: =IF('(1)예금승인내역'!G640="","",'(1)예금승인내역'!G640) -> 45316 | P14: =IF('(1)예금승인내역'!F640="","",'(1)예금승인내역'!F640) -> ㈜와이투솔루션 | Q14: =IF('(1)예금승인내역'!C640="","",'(1)예금승인내역'!C640) -> 화성금융센터 | R14: =IF('(1)예금승인내역'!K640="","",'(1)예금승인내역'!K640) -> 정기예금 | S14: =IF('(1)예금승인내역'!L640="","",'(1)예금승인내역'!L640) -> 1 | T14: =IF('(1)예금승인내역'!AG640="","",'(1)예금승인내역'!AG640) -> 0.0515 | U14: =IF('(1)예금승인내역'!X640="","",'(1)예금승인내역'!X640) -> 0.003027 | V14: =IF(ISNUMBER(N14),N14-$B$2,"") -> -841 | W14: =IF(AND(ISNUMBER(N14),N14>=$B$2,N14<=$B$2+10),N14*100000+ROW(),"") | X14: =IFERROR(SMALL($W$6:$W$1005,9),"") -> 4619500594 | Y14: =IF(X14="","",MATCH(X14,$W$6:$W$1005,0)) -> 589
A15: =IF($Y15="","",IF(INDEX($N$6:$N$1005,$Y15)=$B$2,"오늘","+"&(INDEX($N$6:$N$1005,$Y15)-$B$2)&"일")) -> +6일 | B15: =IF($Y15="","",INDEX($N$6:$N$1005,$Y15)) -> 46195 | C15: =IF($Y15="","",CHOOSE(WEEKDAY(INDEX($N$6:$N$1005,$Y15)),"일","월","화","수","목","금","토")) -> 월 | D15: =IF($Y15="","",INDEX($O$6:$O$1005,$Y15)) -> 46163 | E15: =IF($Y15="","",INDEX($P$6:$P$1005,$Y15)) -> 더스킨팩토리 | F15: =IF($Y15="","",INDEX($Q$6:$Q$1005,$Y15)) -> 강남영업부 | G15: =IF($Y15="","",INDEX($R$6:$R$1005,$Y15)) -> 정기예금 | H15: =IF($Y15="","","USD") -> USD | I15: =IF($Y15="","",INDEX($S$6:$S$1005,$Y15)) -> 1 | J15: =IF($Y15="","",INDEX($T$6:$T$1005,$Y15)) -> 0.0335 | K15: =IF($Y15="","",INDEX($U$6:$U$1005,$Y15)) -> 0.002944 | L15: =IF($Y15="","",IF(INDEX($S$6:$S$1005,$Y15)>=10,"★ 10백만불↑","")) | N15: =IF('(1)예금승인내역'!H641="","",'(1)예금승인내역'!H641) -> 45348 | O15: =IF('(1)예금승인내역'!G641="","",'(1)예금승인내역'!G641) -> 45316 | P15: =IF('(1)예금승인내역'!F641="","",'(1)예금승인내역'!F641) -> ㈜와이투솔루션 | Q15: =IF('(1)예금승인내역'!C641="","",'(1)예금승인내역'!C641) -> 화성금융센터 | R15: =IF('(1)예금승인내역'!K641="","",'(1)예금승인내역'!K641) -> 정기예금 | S15: =IF('(1)예금승인내역'!L641="","",'(1)예금승인내역'!L641) -> 1 | T15: =IF('(1)예금승인내역'!AG641="","",'(1)예금승인내역'!AG641) -> 0.0515 | U15: =IF('(1)예금승인내역'!X641="","",'(1)예금승인내역'!X641) -> 0.003027 | V15: =IF(ISNUMBER(N15),N15-$B$2,"") -> -841 | W15: =IF(AND(ISNUMBER(N15),N15>=$B$2,N15<=$B$2+10),N15*100000+ROW(),"") | X15: =IFERROR(SMALL($W$6:$W$1005,10),"") -> 4619500595 | Y15: =IF(X15="","",MATCH(X15,$W$6:$W$1005,0)) -> 590
A16: =IF($Y16="","",IF(INDEX($N$6:$N$1005,$Y16)=$B$2,"오늘","+"&(INDEX($N$6:$N$1005,$Y16)-$B$2)&"일")) -> +7일 | B16: =IF($Y16="","",INDEX($N$6:$N$1005,$Y16)) -> 46196 | C16: =IF($Y16="","",CHOOSE(WEEKDAY(INDEX($N$6:$N$1005,$Y16)),"일","월","화","수","목","금","토")) -> 화 | D16: =IF($Y16="","",INDEX($O$6:$O$1005,$Y16)) -> 46104 | E16: =IF($Y16="","",INDEX($P$6:$P$1005,$Y16)) -> ㈜비앤에프 | F16: =IF($Y16="","",INDEX($Q$6:$Q$1005,$Y16)) -> 죽전지점 | G16: =IF($Y16="","",INDEX($R$6:$R$1005,$Y16)) -> 정기예금 | H16: =IF($Y16="","","USD") -> USD | I16: =IF($Y16="","",INDEX($S$6:$S$1005,$Y16)) -> 1 | J16: =IF($Y16="","",INDEX($T$6:$T$1005,$Y16)) -> 0.0365 | K16: =IF($Y16="","",INDEX($U$6:$U$1005,$Y16)) -> 0.002274 | L16: =IF($Y16="","",IF(INDEX($S$6:$S$1005,$Y16)>=10,"★ 10백만불↑","")) | N16: =IF('(1)예금승인내역'!H642="","",'(1)예금승인내역'!H642) -> 45348 | O16: =IF('(1)예금승인내역'!G642="","",'(1)예금승인내역'!G642) -> 45316 | P16: =IF('(1)예금승인내역'!F642="","",'(1)예금승인내역'!F642) -> ㈜와이투솔루션 | Q16: =IF('(1)예금승인내역'!C642="","",'(1)예금승인내역'!C642) -> 화성금융센터 | R16: =IF('(1)예금승인내역'!K642="","",'(1)예금승인내역'!K642) -> 정기예금 | S16: =IF('(1)예금승인내역'!L642="","",'(1)예금승인내역'!L642) -> 1 | T16: =IF('(1)예금승인내역'!AG642="","",'(1)예금승인내역'!AG642) -> 0.0515 | U16: =IF('(1)예금승인내역'!X642="","",'(1)예금승인내역'!X642) -> 0.003027 | V16: =IF(ISNUMBER(N16),N16-$B$2,"") -> -841 | W16: =IF(AND(ISNUMBER(N16),N16>=$B$2,N16<=$B$2+10),N16*100000+ROW(),"") | X16: =IFERROR(SMALL($W$6:$W$1005,11),"") -> 4619600551 | Y16: =IF(X16="","",MATCH(X16,$W$6:$W$1005,0)) -> 546
A17: =IF($Y17="","",IF(INDEX($N$6:$N$1005,$Y17)=$B$2,"오늘","+"&(INDEX($N$6:$N$1005,$Y17)-$B$2)&"일")) | B17: =IF($Y17="","",INDEX($N$6:$N$1005,$Y17)) | C17: =IF($Y17="","",CHOOSE(WEEKDAY(INDEX($N$6:$N$1005,$Y17)),"일","월","화","수","목","금","토")) | D17: =IF($Y17="","",INDEX($O$6:$O$1005,$Y17)) | E17: =IF($Y17="","",INDEX($P$6:$P$1005,$Y17)) | F17: =IF($Y17="","",INDEX($Q$6:$Q$1005,$Y17)) | G17: =IF($Y17="","",INDEX($R$6:$R$1005,$Y17)) | H17: =IF($Y17="","","USD") | I17: =IF($Y17="","",INDEX($S$6:$S$1005,$Y17)) | J17: =IF($Y17="","",INDEX($T$6:$T$1005,$Y17)) | K17: =IF($Y17="","",INDEX($U$6:$U$1005,$Y17)) | L17: =IF($Y17="","",IF(INDEX($S$6:$S$1005,$Y17)>=10,"★ 10백만불↑","")) | N17: =IF('(1)예금승인내역'!H643="","",'(1)예금승인내역'!H643) -> 45348 | O17: =IF('(1)예금승인내역'!G643="","",'(1)예금승인내역'!G643) -> 45316 | P17: =IF('(1)예금승인내역'!F643="","",'(1)예금승인내역'!F643) -> ㈜와이투솔루션 | Q17: =IF('(1)예금승인내역'!C643="","",'(1)예금승인내역'!C643) -> 화성금융센터 | R17: =IF('(1)예금승인내역'!K643="","",'(1)예금승인내역'!K643) -> 정기예금 | S17: =IF('(1)예금승인내역'!L643="","",'(1)예금승인내역'!L643) -> 1 | T17: =IF('(1)예금승인내역'!AG643="","",'(1)예금승인내역'!AG643) -> 0.0515 | U17: =IF('(1)예금승인내역'!X643="","",'(1)예금승인내역'!X643) -> 0.003027 | V17: =IF(ISNUMBER(N17),N17-$B$2,"") -> -841 | W17: =IF(AND(ISNUMBER(N17),N17>=$B$2,N17<=$B$2+10),N17*100000+ROW(),"") | X17: =IFERROR(SMALL($W$6:$W$1005,12),"") | Y17: =IF(X17="","",MATCH(X17,$W$6:$W$1005,0))
A18: =IF($Y18="","",IF(INDEX($N$6:$N$1005,$Y18)=$B$2,"오늘","+"&(INDEX($N$6:$N$1005,$Y18)-$B$2)&"일")) | B18: =IF($Y18="","",INDEX($N$6:$N$1005,$Y18)) | C18: =IF($Y18="","",CHOOSE(WEEKDAY(INDEX($N$6:$N$1005,$Y18)),"일","월","화","수","목","금","토")) | D18: =IF($Y18="","",INDEX($O$6:$O$1005,$Y18)) | E18: =IF($Y18="","",INDEX($P$6:$P$1005,$Y18)) | F18: =IF($Y18="","",INDEX($Q$6:$Q$1005,$Y18)) | G18: =IF($Y18="","",INDEX($R$6:$R$1005,$Y18)) | H18: =IF($Y18="","","USD") | I18: =IF($Y18="","",INDEX($S$6:$S$1005,$Y18)) | J18: =IF($Y18="","",INDEX($T$6:$T$1005,$Y18)) | K18: =IF($Y18="","",INDEX($U$6:$U$1005,$Y18)) | L18: =IF($Y18="","",IF(INDEX($S$6:$S$1005,$Y18)>=10,"★ 10백만불↑","")) | N18: =IF('(1)예금승인내역'!H644="","",'(1)예금승인내역'!H644) -> 45357 | O18: =IF('(1)예금승인내역'!G644="","",'(1)예금승인내역'!G644) -> 45328 | P18: =IF('(1)예금승인내역'!F644="","",'(1)예금승인내역'!F644) -> 한국비철㈜ | Q18: =IF('(1)예금승인내역'!C644="","",'(1)예금승인내역'!C644) -> 달성공단영업부 | R18: =IF('(1)예금승인내역'!K644="","",'(1)예금승인내역'!K644) -> MMDA | S18: =IF('(1)예금승인내역'!L644="","",'(1)예금승인내역'!L644) -> 9.7 | T18: =IF('(1)예금승인내역'!AG644="","",'(1)예금승인내역'!AG644) -> 0.0435 | U18: =IF('(1)예금승인내역'!X644="","",'(1)예금승인내역'!X644) -> 0.009959 | V18: =IF(ISNUMBER(N18),N18-$B$2,"") -> -832 | W18: =IF(AND(ISNUMBER(N18),N18>=$B$2,N18<=$B$2+10),N18*100000+ROW(),"") | X18: =IFERROR(SMALL($W$6:$W$1005,13),"") | Y18: =IF(X18="","",MATCH(X18,$W$6:$W$1005,0))
A19: =IF($Y19="","",IF(INDEX($N$6:$N$1005,$Y19)=$B$2,"오늘","+"&(INDEX($N$6:$N$1005,$Y19)-$B$2)&"일")) | B19: =IF($Y19="","",INDEX($N$6:$N$1005,$Y19)) | C19: =IF($Y19="","",CHOOSE(WEEKDAY(INDEX($N$6:$N$1005,$Y19)),"일","월","화","수","목","금","토")) | D19: =IF($Y19="","",INDEX($O$6:$O$1005,$Y19)) | E19: =IF($Y19="","",INDEX($P$6:$P$1005,$Y19)) | F19: =IF($Y19="","",INDEX($Q$6:$Q$1005,$Y19)) | G19: =IF($Y19="","",INDEX($R$6:$R$1005,$Y19)) | H19: =IF($Y19="","","USD") | I19: =IF($Y19="","",INDEX($S$6:$S$1005,$Y19)) | J19: =IF($Y19="","",INDEX($T$6:$T$1005,$Y19)) | K19: =IF($Y19="","",INDEX($U$6:$U$1005,$Y19)) | L19: =IF($Y19="","",IF(INDEX($S$6:$S$1005,$Y19)>=10,"★ 10백만불↑","")) | N19: =IF('(1)예금승인내역'!H645="","",'(1)예금승인내역'!H645) -> 45425 | O19: =IF('(1)예금승인내역'!G645="","",'(1)예금승인내역'!G645) -> 45335 | P19: =IF('(1)예금승인내역'!F645="","",'(1)예금승인내역'!F645) -> 대성산업㈜ | Q19: =IF('(1)예금승인내역'!C645="","",'(1)예금승인내역'!C645) -> 강남영업부 | R19: =IF('(1)예금승인내역'!K645="","",'(1)예금승인내역'!K645) -> 정기예금 | S19: =IF('(1)예금승인내역'!L645="","",'(1)예금승인내역'!L645) -> 3.5 | T19: =IF('(1)예금승인내역'!AG645="","",'(1)예금승인내역'!AG645) -> 0.0492 | U19: =IF('(1)예금승인내역'!X645="","",'(1)예금승인내역'!X645) -> 0.006521 | V19: =IF(ISNUMBER(N19),N19-$B$2,"") -> -764 | W19: =IF(AND(ISNUMBER(N19),N19>=$B$2,N19<=$B$2+10),N19*100000+ROW(),"") | X19: =IFERROR(SMALL($W$6:$W$1005,14),"") | Y19: =IF(X19="","",MATCH(X19,$W$6:$W$1005,0))
A20: =IF($Y20="","",IF(INDEX($N$6:$N$1005,$Y20)=$B$2,"오늘","+"&(INDEX($N$6:$N$1005,$Y20)-$B$2)&"일")) | B20: =IF($Y20="","",INDEX($N$6:$N$1005,$Y20)) | C20: =IF($Y20="","",CHOOSE(WEEKDAY(INDEX($N$6:$N$1005,$Y20)),"일","월","화","수","목","금","토")) | D20: =IF($Y20="","",INDEX($O$6:$O$1005,$Y20)) | E20: =IF($Y20="","",INDEX($P$6:$P$1005,$Y20)) | F20: =IF($Y20="","",INDEX($Q$6:$Q$1005,$Y20)) | G20: =IF($Y20="","",INDEX($R$6:$R$1005,$Y20)) | H20: =IF($Y20="","","USD") | I20: =IF($Y20="","",INDEX($S$6:$S$1005,$Y20)) | J20: =IF($Y20="","",INDEX($T$6:$T$1005,$Y20)) | K20: =IF($Y20="","",INDEX($U$6:$U$1005,$Y20)) | L20: =IF($Y20="","",IF(INDEX($S$6:$S$1005,$Y20)>=10,"★ 10백만불↑","")) | N20: =IF('(1)예금승인내역'!H646="","",'(1)예금승인내역'!H646) -> 45366 | O20: =IF('(1)예금승인내역'!G646="","",'(1)예금승인내역'!G646) -> 45338 | P20: =IF('(1)예금승인내역'!F646="","",'(1)예금승인내역'!F646) -> 오스템임플란트㈜ | Q20: =IF('(1)예금승인내역'!C646="","",'(1)예금승인내역'!C646) -> 성남금융센터 | R20: =IF('(1)예금승인내역'!K646="","",'(1)예금승인내역'!K646) -> MMDA | S20: =IF('(1)예금승인내역'!L646="","",'(1)예금승인내역'!L646) -> 2 | T20: =IF('(1)예금승인내역'!AG646="","",'(1)예금승인내역'!AG646) -> 0.0435 | U20: =IF('(1)예금승인내역'!X646="","",'(1)예금승인내역'!X646) -> 0.010115 | V20: =IF(ISNUMBER(N20),N20-$B$2,"") -> -823 | W20: =IF(AND(ISNUMBER(N20),N20>=$B$2,N20<=$B$2+10),N20*100000+ROW(),"") | X20: =IFERROR(SMALL($W$6:$W$1005,15),"") | Y20: =IF(X20="","",MATCH(X20,$W$6:$W$1005,0))
A21: =IF($Y21="","",IF(INDEX($N$6:$N$1005,$Y21)=$B$2,"오늘","+"&(INDEX($N$6:$N$1005,$Y21)-$B$2)&"일")) | B21: =IF($Y21="","",INDEX($N$6:$N$1005,$Y21)) | C21: =IF($Y21="","",CHOOSE(WEEKDAY(INDEX($N$6:$N$1005,$Y21)),"일","월","화","수","목","금","토")) | D21: =IF($Y21="","",INDEX($O$6:$O$1005,$Y21)) | E21: =IF($Y21="","",INDEX($P$6:$P$1005,$Y21)) | F21: =IF($Y21="","",INDEX($Q$6:$Q$1005,$Y21)) | G21: =IF($Y21="","",INDEX($R$6:$R$1005,$Y21)) | H21: =IF($Y21="","","USD") | I21: =IF($Y21="","",INDEX($S$6:$S$1005,$Y21)) | J21: =IF($Y21="","",INDEX($T$6:$T$1005,$Y21)) | K21: =IF($Y21="","",INDEX($U$6:$U$1005,$Y21)) | L21: =IF($Y21="","",IF(INDEX($S$6:$S$1005,$Y21)>=10,"★ 10백만불↑","")) | N21: =IF('(1)예금승인내역'!H647="","",'(1)예금승인내역'!H647) -> 45404 | O21: =IF('(1)예금승인내역'!G647="","",'(1)예금승인내역'!G647) -> 45344 | P21: =IF('(1)예금승인내역'!F647="","",'(1)예금승인내역'!F647) -> 에스엠상선㈜ | Q21: =IF('(1)예금승인내역'!C647="","",'(1)예금승인내역'!C647) -> 강남영업부 | R21: =IF('(1)예금승인내역'!K647="","",'(1)예금승인내역'!K647) -> 정기예금 | S21: =IF('(1)예금승인내역'!L647="","",'(1)예금승인내역'!L647) -> 10 | T21: =IF('(1)예금승인내역'!AG647="","",'(1)예금승인내역'!AG647) -> 0.0525 | U21: =IF('(1)예금승인내역'!X647="","",'(1)예금승인내역'!X647) -> 0.00258 | V21: =IF(ISNUMBER(N21),N21-$B$2,"") -> -785 | W21: =IF(AND(ISNUMBER(N21),N21>=$B$2,N21<=$B$2+10),N21*100000+ROW(),"") | X21: =IFERROR(SMALL($W$6:$W$1005,16),"") | Y21: =IF(X21="","",MATCH(X21,$W$6:$W$1005,0))
A22: =IF($Y22="","",IF(INDEX($N$6:$N$1005,$Y22)=$B$2,"오늘","+"&(INDEX($N$6:$N$1005,$Y22)-$B$2)&"일")) | B22: =IF($Y22="","",INDEX($N$6:$N$1005,$Y22)) | C22: =IF($Y22="","",CHOOSE(WEEKDAY(INDEX($N$6:$N$1005,$Y22)),"일","월","화","수","목","금","토")) | D22: =IF($Y22="","",INDEX($O$6:$O$1005,$Y22)) | E22: =IF($Y22="","",INDEX($P$6:$P$1005,$Y22)) | F22: =IF($Y22="","",INDEX($Q$6:$Q$1005,$Y22)) | G22: =IF($Y22="","",INDEX($R$6:$R$1005,$Y22)) | H22: =IF($Y22="","","USD") | I22: =IF($Y22="","",INDEX($S$6:$S$1005,$Y22)) | J22: =IF($Y22="","",INDEX($T$6:$T$1005,$Y22)) | K22: =IF($Y22="","",INDEX($U$6:$U$1005,$Y22)) | L22: =IF($Y22="","",IF(INDEX($S$6:$S$1005,$Y22)>=10,"★ 10백만불↑","")) | N22: =IF('(1)예금승인내역'!H648="","",'(1)예금승인내역'!H648) -> 45439 | O22: =IF('(1)예금승인내역'!G648="","",'(1)예금승인내역'!G648) -> 45348 | P22: =IF('(1)예금승인내역'!F648="","",'(1)예금승인내역'!F648) -> 에스엠상선㈜ | Q22: =IF('(1)예금승인내역'!C648="","",'(1)예금승인내역'!C648) -> 강남영업부 | R22: =IF('(1)예금승인내역'!K648="","",'(1)예금승인내역'!K648) -> 정기예금 | S22: =IF('(1)예금승인내역'!L648="","",'(1)예금승인내역'!L648) -> 10 | T22: =IF('(1)예금승인내역'!AG648="","",'(1)예금승인내역'!AG648) -> 0.053 | U22: =IF('(1)예금승인내역'!X648="","",'(1)예금승인내역'!X648) -> 0.002813 | V22: =IF(ISNUMBER(N22),N22-$B$2,"") -> -750 | W22: =IF(AND(ISNUMBER(N22),N22>=$B$2,N22<=$B$2+10),N22*100000+ROW(),"") | X22: =IFERROR(SMALL($W$6:$W$1005,17),"") | Y22: =IF(X22="","",MATCH(X22,$W$6:$W$1005,0))
A23: =IF($Y23="","",IF(INDEX($N$6:$N$1005,$Y23)=$B$2,"오늘","+"&(INDEX($N$6:$N$1005,$Y23)-$B$2)&"일")) | B23: =IF($Y23="","",INDEX($N$6:$N$1005,$Y23)) | C23: =IF($Y23="","",CHOOSE(WEEKDAY(INDEX($N$6:$N$1005,$Y23)),"일","월","화","수","목","금","토")) | D23: =IF($Y23="","",INDEX($O$6:$O$1005,$Y23)) | E23: =IF($Y23="","",INDEX($P$6:$P$1005,$Y23)) | F23: =IF($Y23="","",INDEX($Q$6:$Q$1005,$Y23)) | G23: =IF($Y23="","",INDEX($R$6:$R$1005,$Y23)) | H23: =IF($Y23="","","USD") | I23: =IF($Y23="","",INDEX($S$6:$S$1005,$Y23)) | J23: =IF($Y23="","",INDEX($T$6:$T$1005,$Y23)) | K23: =IF($Y23="","",INDEX($U$6:$U$1005,$Y23)) | L23: =IF($Y23="","",IF(INDEX($S$6:$S$1005,$Y23)>=10,"★ 10백만불↑","")) | N23: =IF('(1)예금승인내역'!H649="","",'(1)예금승인내역'!H649) -> 45377 | O23: =IF('(1)예금승인내역'!G649="","",'(1)예금승인내역'!G649) -> 45348 | P23: =IF('(1)예금승인내역'!F649="","",'(1)예금승인내역'!F649) -> ㈜와이투솔루션 | Q23: =IF('(1)예금승인내역'!C649="","",'(1)예금승인내역'!C649) -> 화성금융센터 | R23: =IF('(1)예금승인내역'!K649="","",'(1)예금승인내역'!K649) -> 정기예금 | S23: =IF('(1)예금승인내역'!L649="","",'(1)예금승인내역'!L649) -> 1 | T23: =IF('(1)예금승인내역'!AG649="","",'(1)예금승인내역'!AG649) -> 0.052 | U23: =IF('(1)예금승인내역'!X649="","",'(1)예금승인내역'!X649) -> 0.00224 | V23: =IF(ISNUMBER(N23),N23-$B$2,"") -> -812 | W23: =IF(AND(ISNUMBER(N23),N23>=$B$2,N23<=$B$2+10),N23*100000+ROW(),"") | X23: =IFERROR(SMALL($W$6:$W$1005,18),"") | Y23: =IF(X23="","",MATCH(X23,$W$6:$W$1005,0))
A24: =IF($Y24="","",IF(INDEX($N$6:$N$1005,$Y24)=$B$2,"오늘","+"&(INDEX($N$6:$N$1005,$Y24)-$B$2)&"일")) | B24: =IF($Y24="","",INDEX($N$6:$N$1005,$Y24)) | C24: =IF($Y24="","",CHOOSE(WEEKDAY(INDEX($N$6:$N$1005,$Y24)),"일","월","화","수","목","금","토")) | D24: =IF($Y24="","",INDEX($O$6:$O$1005,$Y24)) | E24: =IF($Y24="","",INDEX($P$6:$P$1005,$Y24)) | F24: =IF($Y24="","",INDEX($Q$6:$Q$1005,$Y24)) | G24: =IF($Y24="","",INDEX($R$6:$R$1005,$Y24)) | H24: =IF($Y24="","","USD") | I24: =IF($Y24="","",INDEX($S$6:$S$1005,$Y24)) | J24: =IF($Y24="","",INDEX($T$6:$T$1005,$Y24)) | K24: =IF($Y24="","",INDEX($U$6:$U$1005,$Y24)) | L24: =IF($Y24="","",IF(INDEX($S$6:$S$1005,$Y24)>=10,"★ 10백만불↑","")) | N24: =IF('(1)예금승인내역'!H650="","",'(1)예금승인내역'!H650) -> 45377 | O24: =IF('(1)예금승인내역'!G650="","",'(1)예금승인내역'!G650) -> 45348 | P24: =IF('(1)예금승인내역'!F650="","",'(1)예금승인내역'!F650) -> ㈜와이투솔루션 | Q24: =IF('(1)예금승인내역'!C650="","",'(1)예금승인내역'!C650) -> 화성금융센터 | R24: =IF('(1)예금승인내역'!K650="","",'(1)예금승인내역'!K650) -> 정기예금 | S24: =IF('(1)예금승인내역'!L650="","",'(1)예금승인내역'!L650) -> 1 | T24: =IF('(1)예금승인내역'!AG650="","",'(1)예금승인내역'!AG650) -> 0.052 | U24: =IF('(1)예금승인내역'!X650="","",'(1)예금승인내역'!X650) -> 0.00224 | V24: =IF(ISNUMBER(N24),N24-$B$2,"") -> -812 | W24: =IF(AND(ISNUMBER(N24),N24>=$B$2,N24<=$B$2+10),N24*100000+ROW(),"") | X24: =IFERROR(SMALL($W$6:$W$1005,19),"") | Y24: =IF(X24="","",MATCH(X24,$W$6:$W$1005,0))
A25: =IF($Y25="","",IF(INDEX($N$6:$N$1005,$Y25)=$B$2,"오늘","+"&(INDEX($N$6:$N$1005,$Y25)-$B$2)&"일")) | B25: =IF($Y25="","",INDEX($N$6:$N$1005,$Y25)) | C25: =IF($Y25="","",CHOOSE(WEEKDAY(INDEX($N$6:$N$1005,$Y25)),"일","월","화","수","목","금","토")) | D25: =IF($Y25="","",INDEX($O$6:$O$1005,$Y25)) | E25: =IF($Y25="","",INDEX($P$6:$P$1005,$Y25)) | F25: =IF($Y25="","",INDEX($Q$6:$Q$1005,$Y25)) | G25: =IF($Y25="","",INDEX($R$6:$R$1005,$Y25)) | H25: =IF($Y25="","","USD") | I25: =IF($Y25="","",INDEX($S$6:$S$1005,$Y25)) | J25: =IF($Y25="","",INDEX($T$6:$T$1005,$Y25)) | K25: =IF($Y25="","",INDEX($U$6:$U$1005,$Y25)) | L25: =IF($Y25="","",IF(INDEX($S$6:$S$1005,$Y25)>=10,"★ 10백만불↑","")) | N25: =IF('(1)예금승인내역'!H651="","",'(1)예금승인내역'!H651) -> 45377 | O25: =IF('(1)예금승인내역'!G651="","",'(1)예금승인내역'!G651) -> 45348 | P25: =IF('(1)예금승인내역'!F651="","",'(1)예금승인내역'!F651) -> ㈜와이투솔루션 | Q25: =IF('(1)예금승인내역'!C651="","",'(1)예금승인내역'!C651) -> 화성금융센터 | R25: =IF('(1)예금승인내역'!K651="","",'(1)예금승인내역'!K651) -> 정기예금 | S25: =IF('(1)예금승인내역'!L651="","",'(1)예금승인내역'!L651) -> 1 | T25: =IF('(1)예금승인내역'!AG651="","",'(1)예금승인내역'!AG651) -> 0.052 | U25: =IF('(1)예금승인내역'!X651="","",'(1)예금승인내역'!X651) -> 0.00224 | V25: =IF(ISNUMBER(N25),N25-$B$2,"") -> -812 | W25: =IF(AND(ISNUMBER(N25),N25>=$B$2,N25<=$B$2+10),N25*100000+ROW(),"") | X25: =IFERROR(SMALL($W$6:$W$1005,20),"") | Y25: =IF(X25="","",MATCH(X25,$W$6:$W$1005,0))
A26: =IF($Y26="","",IF(INDEX($N$6:$N$1005,$Y26)=$B$2,"오늘","+"&(INDEX($N$6:$N$1005,$Y26)-$B$2)&"일")) | B26: =IF($Y26="","",INDEX($N$6:$N$1005,$Y26)) | C26: =IF($Y26="","",CHOOSE(WEEKDAY(INDEX($N$6:$N$1005,$Y26)),"일","월","화","수","목","금","토")) | D26: =IF($Y26="","",INDEX($O$6:$O$1005,$Y26)) | E26: =IF($Y26="","",INDEX($P$6:$P$1005,$Y26)) | F26: =IF($Y26="","",INDEX($Q$6:$Q$1005,$Y26)) | G26: =IF($Y26="","",INDEX($R$6:$R$1005,$Y26)) | H26: =IF($Y26="","","USD") | I26: =IF($Y26="","",INDEX($S$6:$S$1005,$Y26)) | J26: =IF($Y26="","",INDEX($T$6:$T$1005,$Y26)) | K26: =IF($Y26="","",INDEX($U$6:$U$1005,$Y26)) | L26: =IF($Y26="","",IF(INDEX($S$6:$S$1005,$Y26)>=10,"★ 10백만불↑","")) | N26: =IF('(1)예금승인내역'!H652="","",'(1)예금승인내역'!H652) -> 45377 | O26: =IF('(1)예금승인내역'!G652="","",'(1)예금승인내역'!G652) -> 45348 | P26: =IF('(1)예금승인내역'!F652="","",'(1)예금승인내역'!F652) -> ㈜와이투솔루션 | Q26: =IF('(1)예금승인내역'!C652="","",'(1)예금승인내역'!C652) -> 화성금융센터 | R26: =IF('(1)예금승인내역'!K652="","",'(1)예금승인내역'!K652) -> 정기예금 | S26: =IF('(1)예금승인내역'!L652="","",'(1)예금승인내역'!L652) -> 1 | T26: =IF('(1)예금승인내역'!AG652="","",'(1)예금승인내역'!AG652) -> 0.052 | U26: =IF('(1)예금승인내역'!X652="","",'(1)예금승인내역'!X652) -> 0.00224 | V26: =IF(ISNUMBER(N26),N26-$B$2,"") -> -812 | W26: =IF(AND(ISNUMBER(N26),N26>=$B$2,N26<=$B$2+10),N26*100000+ROW(),"") | X26: =IFERROR(SMALL($W$6:$W$1005,21),"") | Y26: =IF(X26="","",MATCH(X26,$W$6:$W$1005,0))
A27: =IF($Y27="","",IF(INDEX($N$6:$N$1005,$Y27)=$B$2,"오늘","+"&(INDEX($N$6:$N$1005,$Y27)-$B$2)&"일")) | B27: =IF($Y27="","",INDEX($N$6:$N$1005,$Y27)) | C27: =IF($Y27="","",CHOOSE(WEEKDAY(INDEX($N$6:$N$1005,$Y27)),"일","월","화","수","목","금","토")) | D27: =IF($Y27="","",INDEX($O$6:$O$1005,$Y27)) | E27: =IF($Y27="","",INDEX($P$6:$P$1005,$Y27)) | F27: =IF($Y27="","",INDEX($Q$6:$Q$1005,$Y27)) | G27: =IF($Y27="","",INDEX($R$6:$R$1005,$Y27)) | H27: =IF($Y27="","","USD") | I27: =IF($Y27="","",INDEX($S$6:$S$1005,$Y27)) | J27: =IF($Y27="","",INDEX($T$6:$T$1005,$Y27)) | K27: =IF($Y27="","",INDEX($U$6:$U$1005,$Y27)) | L27: =IF($Y27="","",IF(INDEX($S$6:$S$1005,$Y27)>=10,"★ 10백만불↑","")) | N27: =IF('(1)예금승인내역'!H653="","",'(1)예금승인내역'!H653) -> 45377 | O27: =IF('(1)예금승인내역'!G653="","",'(1)예금승인내역'!G653) -> 45348 | P27: =IF('(1)예금승인내역'!F653="","",'(1)예금승인내역'!F653) -> ㈜와이투솔루션 | Q27: =IF('(1)예금승인내역'!C653="","",'(1)예금승인내역'!C653) -> 화성금융센터 | R27: =IF('(1)예금승인내역'!K653="","",'(1)예금승인내역'!K653) -> 정기예금 | S27: =IF('(1)예금승인내역'!L653="","",'(1)예금승인내역'!L653) -> 1 | T27: =IF('(1)예금승인내역'!AG653="","",'(1)예금승인내역'!AG653) -> 0.052 | U27: =IF('(1)예금승인내역'!X653="","",'(1)예금승인내역'!X653) -> 0.00224 | V27: =IF(ISNUMBER(N27),N27-$B$2,"") -> -812 | W27: =IF(AND(ISNUMBER(N27),N27>=$B$2,N27<=$B$2+10),N27*100000+ROW(),"") | X27: =IFERROR(SMALL($W$6:$W$1005,22),"") | Y27: =IF(X27="","",MATCH(X27,$W$6:$W$1005,0))
A28: =IF($Y28="","",IF(INDEX($N$6:$N$1005,$Y28)=$B$2,"오늘","+"&(INDEX($N$6:$N$1005,$Y28)-$B$2)&"일")) | B28: =IF($Y28="","",INDEX($N$6:$N$1005,$Y28)) | C28: =IF($Y28="","",CHOOSE(WEEKDAY(INDEX($N$6:$N$1005,$Y28)),"일","월","화","수","목","금","토")) | D28: =IF($Y28="","",INDEX($O$6:$O$1005,$Y28)) | E28: =IF($Y28="","",INDEX($P$6:$P$1005,$Y28)) | F28: =IF($Y28="","",INDEX($Q$6:$Q$1005,$Y28)) | G28: =IF($Y28="","",INDEX($R$6:$R$1005,$Y28)) | H28: =IF($Y28="","","USD") | I28: =IF($Y28="","",INDEX($S$6:$S$1005,$Y28)) | J28: =IF($Y28="","",INDEX($T$6:$T$1005,$Y28)) | K28: =IF($Y28="","",INDEX($U$6:$U$1005,$Y28)) | L28: =IF($Y28="","",IF(INDEX($S$6:$S$1005,$Y28)>=10,"★ 10백만불↑","")) | N28: =IF('(1)예금승인내역'!H654="","",'(1)예금승인내역'!H654) -> 45387 | O28: =IF('(1)예금승인내역'!G654="","",'(1)예금승인내역'!G654) -> 45356 | P28: =IF('(1)예금승인내역'!F654="","",'(1)예금승인내역'!F654) -> 한국비철㈜ | Q28: =IF('(1)예금승인내역'!C654="","",'(1)예금승인내역'!C654) -> 달성공단영업부 | R28: =IF('(1)예금승인내역'!K654="","",'(1)예금승인내역'!K654) -> 정기예금 | S28: =IF('(1)예금승인내역'!L654="","",'(1)예금승인내역'!L654) -> 7 | T28: =IF('(1)예금승인내역'!AG654="","",'(1)예금승인내역'!AG654) -> 0.052 | U28: =IF('(1)예금승인내역'!X654="","",'(1)예금승인내역'!X654) -> 0.002376 | V28: =IF(ISNUMBER(N28),N28-$B$2,"") -> -802 | W28: =IF(AND(ISNUMBER(N28),N28>=$B$2,N28<=$B$2+10),N28*100000+ROW(),"") | X28: =IFERROR(SMALL($W$6:$W$1005,23),"") | Y28: =IF(X28="","",MATCH(X28,$W$6:$W$1005,0))
A29: =IF($Y29="","",IF(INDEX($N$6:$N$1005,$Y29)=$B$2,"오늘","+"&(INDEX($N$6:$N$1005,$Y29)-$B$2)&"일")) | B29: =IF($Y29="","",INDEX($N$6:$N$1005,$Y29)) | C29: =IF($Y29="","",CHOOSE(WEEKDAY(INDEX($N$6:$N$1005,$Y29)),"일","월","화","수","목","금","토")) | D29: =IF($Y29="","",INDEX($O$6:$O$1005,$Y29)) | E29: =IF($Y29="","",INDEX($P$6:$P$1005,$Y29)) | F29: =IF($Y29="","",INDEX($Q$6:$Q$1005,$Y29)) | G29: =IF($Y29="","",INDEX($R$6:$R$1005,$Y29)) | H29: =IF($Y29="","","USD") | I29: =IF($Y29="","",INDEX($S$6:$S$1005,$Y29)) | J29: =IF($Y29="","",INDEX($T$6:$T$1005,$Y29)) | K29: =IF($Y29="","",INDEX($U$6:$U$1005,$Y29)) | L29: =IF($Y29="","",IF(INDEX($S$6:$S$1005,$Y29)>=10,"★ 10백만불↑","")) | N29: =IF('(1)예금승인내역'!H655="","",'(1)예금승인내역'!H655) -> 45387 | O29: =IF('(1)예금승인내역'!G655="","",'(1)예금승인내역'!G655) -> 45356 | P29: =IF('(1)예금승인내역'!F655="","",'(1)예금승인내역'!F655) -> 한국비철㈜ | Q29: =IF('(1)예금승인내역'!C655="","",'(1)예금승인내역'!C655) -> 달성공단영업부 | R29: =IF('(1)예금승인내역'!K655="","",'(1)예금승인내역'!K655) -> 정기예금 | S29: =IF('(1)예금승인내역'!L655="","",'(1)예금승인내역'!L655) -> 1 | T29: =IF('(1)예금승인내역'!AG655="","",'(1)예금승인내역'!AG655) -> 0.052 | U29: =IF('(1)예금승인내역'!X655="","",'(1)예금승인내역'!X655) -> 0.002376 | V29: =IF(ISNUMBER(N29),N29-$B$2,"") -> -802 | W29: =IF(AND(ISNUMBER(N29),N29>=$B$2,N29<=$B$2+10),N29*100000+ROW(),"") | X29: =IFERROR(SMALL($W$6:$W$1005,24),"") | Y29: =IF(X29="","",MATCH(X29,$W$6:$W$1005,0))
A30: =IF($Y30="","",IF(INDEX($N$6:$N$1005,$Y30)=$B$2,"오늘","+"&(INDEX($N$6:$N$1005,$Y30)-$B$2)&"일")) | B30: =IF($Y30="","",INDEX($N$6:$N$1005,$Y30)) | C30: =IF($Y30="","",CHOOSE(WEEKDAY(INDEX($N$6:$N$1005,$Y30)),"일","월","화","수","목","금","토")) | D30: =IF($Y30="","",INDEX($O$6:$O$1005,$Y30)) | E30: =IF($Y30="","",INDEX($P$6:$P$1005,$Y30)) | F30: =IF($Y30="","",INDEX($Q$6:$Q$1005,$Y30)) | G30: =IF($Y30="","",INDEX($R$6:$R$1005,$Y30)) | H30: =IF($Y30="","","USD") | I30: =IF($Y30="","",INDEX($S$6:$S$1005,$Y30)) | J30: =IF($Y30="","",INDEX($T$6:$T$1005,$Y30)) | K30: =IF($Y30="","",INDEX($U$6:$U$1005,$Y30)) | L30: =IF($Y30="","",IF(INDEX($S$6:$S$1005,$Y30)>=10,"★ 10백만불↑","")) | N30: =IF('(1)예금승인내역'!H656="","",'(1)예금승인내역'!H656) -> 45390 | O30: =IF('(1)예금승인내역'!G656="","",'(1)예금승인내역'!G656) -> 45358 | P30: =IF('(1)예금승인내역'!F656="","",'(1)예금승인내역'!F656) -> ㈜성우하이텍 | Q30: =IF('(1)예금승인내역'!C656="","",'(1)예금승인내역'!C656) -> 서울영업부 | R30: =IF('(1)예금승인내역'!K656="","",'(1)예금승인내역'!K656) -> MMDA | S30: =IF('(1)예금승인내역'!L656="","",'(1)예금승인내역'!L656) -> 6.44 | T30: =IF('(1)예금승인내역'!AG656="","",'(1)예금승인내역'!AG656) -> 0.0435 | U30: =IF('(1)예금승인내역'!X656="","",'(1)예금승인내역'!X656) -> 0.008721 | V30: =IF(ISNUMBER(N30),N30-$B$2,"") -> -799 | W30: =IF(AND(ISNUMBER(N30),N30>=$B$2,N30<=$B$2+10),N30*100000+ROW(),"") | X30: =IFERROR(SMALL($W$6:$W$1005,25),"") | Y30: =IF(X30="","",MATCH(X30,$W$6:$W$1005,0))
A31: =IF($Y31="","",IF(INDEX($N$6:$N$1005,$Y31)=$B$2,"오늘","+"&(INDEX($N$6:$N$1005,$Y31)-$B$2)&"일")) | B31: =IF($Y31="","",INDEX($N$6:$N$1005,$Y31)) | C31: =IF($Y31="","",CHOOSE(WEEKDAY(INDEX($N$6:$N$1005,$Y31)),"일","월","화","수","목","금","토")) | D31: =IF($Y31="","",INDEX($O$6:$O$1005,$Y31)) | E31: =IF($Y31="","",INDEX($P$6:$P$1005,$Y31)) | F31: =IF($Y31="","",INDEX($Q$6:$Q$1005,$Y31)) | G31: =IF($Y31="","",INDEX($R$6:$R$1005,$Y31)) | H31: =IF($Y31="","","USD") | I31: =IF($Y31="","",INDEX($S$6:$S$1005,$Y31)) | J31: =IF($Y31="","",INDEX($T$6:$T$1005,$Y31)) | K31: =IF($Y31="","",INDEX($U$6:$U$1005,$Y31)) | L31: =IF($Y31="","",IF(INDEX($S$6:$S$1005,$Y31)>=10,"★ 10백만불↑","")) | N31: =IF('(1)예금승인내역'!H657="","",'(1)예금승인내역'!H657) -> 45456 | O31: =IF('(1)예금승인내역'!G657="","",'(1)예금승인내역'!G657) -> 45364 | P31: =IF('(1)예금승인내역'!F657="","",'(1)예금승인내역'!F657) -> ㈜노바인터내쇼널 | Q31: =IF('(1)예금승인내역'!C657="","",'(1)예금승인내역'!C657) -> 사상공단영업부 | R31: =IF('(1)예금승인내역'!K657="","",'(1)예금승인내역'!K657) -> 정기예금 | S31: =IF('(1)예금승인내역'!L657="","",'(1)예금승인내역'!L657) -> 1.01 | T31: =IF('(1)예금승인내역'!AG657="","",'(1)예금승인내역'!AG657) -> 0.053 | U31: =IF('(1)예금승인내역'!X657="","",'(1)예금승인내역'!X657) -> 0.002752 | V31: =IF(ISNUMBER(N31),N31-$B$2,"") -> -733 | W31: =IF(AND(ISNUMBER(N31),N31>=$B$2,N31<=$B$2+10),N31*100000+ROW(),"") | X31: =IFERROR(SMALL($W$6:$W$1005,26),"") | Y31: =IF(X31="","",MATCH(X31,$W$6:$W$1005,0))
A32: =IF($Y32="","",IF(INDEX($N$6:$N$1005,$Y32)=$B$2,"오늘","+"&(INDEX($N$6:$N$1005,$Y32)-$B$2)&"일")) | B32: =IF($Y32="","",INDEX($N$6:$N$1005,$Y32)) | C32: =IF($Y32="","",CHOOSE(WEEKDAY(INDEX($N$6:$N$1005,$Y32)),"일","월","화","수","목","금","토")) | D32: =IF($Y32="","",INDEX($O$6:$O$1005,$Y32)) | E32: =IF($Y32="","",INDEX($P$6:$P$1005,$Y32)) | F32: =IF($Y32="","",INDEX($Q$6:$Q$1005,$Y32)) | G32: =IF($Y32="","",INDEX($R$6:$R$1005,$Y32)) | H32: =IF($Y32="","","USD") | I32: =IF($Y32="","",INDEX($S$6:$S$1005,$Y32)) | J32: =IF($Y32="","",INDEX($T$6:$T$1005,$Y32)) | K32: =IF($Y32="","",INDEX($U$6:$U$1005,$Y32)) | L32: =IF($Y32="","",IF(INDEX($S$6:$S$1005,$Y32)>=10,"★ 10백만불↑","")) | N32: =IF('(1)예금승인내역'!H658="","",'(1)예금승인내역'!H658) -> 45397 | O32: =IF('(1)예금승인내역'!G658="","",'(1)예금승인내역'!G658) -> 45365 | P32: =IF('(1)예금승인내역'!F658="","",'(1)예금승인내역'!F658) -> 두손산업㈜ | Q32: =IF('(1)예금승인내역'!C658="","",'(1)예금승인내역'!C658) -> 화성금융센터 | R32: =IF('(1)예금승인내역'!K658="","",'(1)예금승인내역'!K658) -> MMDA | S32: =IF('(1)예금승인내역'!L658="","",'(1)예금승인내역'!L658) -> 1 | T32: =IF('(1)예금승인내역'!AG658="","",'(1)예금승인내역'!AG658) -> 0.0433 | U32: =IF('(1)예금승인내역'!X658="","",'(1)예금승인내역'!X658) -> 0.008959 | V32: =IF(ISNUMBER(N32),N32-$B$2,"") -> -792 | W32: =IF(AND(ISNUMBER(N32),N32>=$B$2,N32<=$B$2+10),N32*100000+ROW(),"") | X32: =IFERROR(SMALL($W$6:$W$1005,27),"") | Y32: =IF(X32="","",MATCH(X32,$W$6:$W$1005,0))
A33: =IF($Y33="","",IF(INDEX($N$6:$N$1005,$Y33)=$B$2,"오늘","+"&(INDEX($N$6:$N$1005,$Y33)-$B$2)&"일")) | B33: =IF($Y33="","",INDEX($N$6:$N$1005,$Y33)) | C33: =IF($Y33="","",CHOOSE(WEEKDAY(INDEX($N$6:$N$1005,$Y33)),"일","월","화","수","목","금","토")) | D33: =IF($Y33="","",INDEX($O$6:$O$1005,$Y33)) | E33: =IF($Y33="","",INDEX($P$6:$P$1005,$Y33)) | F33: =IF($Y33="","",INDEX($Q$6:$Q$1005,$Y33)) | G33: =IF($Y33="","",INDEX($R$6:$R$1005,$Y33)) | H33: =IF($Y33="","","USD") | I33: =IF($Y33="","",INDEX($S$6:$S$1005,$Y33)) | J33: =IF($Y33="","",INDEX($T$6:$T$1005,$Y33)) | K33: =IF($Y33="","",INDEX($U$6:$U$1005,$Y33)) | L33: =IF($Y33="","",IF(INDEX($S$6:$S$1005,$Y33)>=10,"★ 10백만불↑","")) | N33: =IF('(1)예금승인내역'!H659="","",'(1)예금승인내역'!H659) -> 45397 | O33: =IF('(1)예금승인내역'!G659="","",'(1)예금승인내역'!G659) -> 45366 | P33: =IF('(1)예금승인내역'!F659="","",'(1)예금승인내역'!F659) -> 오스템임플란트㈜ | Q33: =IF('(1)예금승인내역'!C659="","",'(1)예금승인내역'!C659) -> 성남금융센터 | R33: =IF('(1)예금승인내역'!K659="","",'(1)예금승인내역'!K659) -> MMDA | S33: =IF('(1)예금승인내역'!L659="","",'(1)예금승인내역'!L659) -> 2 | T33: =IF('(1)예금승인내역'!AG659="","",'(1)예금승인내역'!AG659) -> 0.0435 | U33: =IF('(1)예금승인내역'!X659="","",'(1)예금승인내역'!X659) -> 0.008755 | V33: =IF(ISNUMBER(N33),N33-$B$2,"") -> -792 | W33: =IF(AND(ISNUMBER(N33),N33>=$B$2,N33<=$B$2+10),N33*100000+ROW(),"") | X33: =IFERROR(SMALL($W$6:$W$1005,28),"") | Y33: =IF(X33="","",MATCH(X33,$W$6:$W$1005,0))
A34: =IF($Y34="","",IF(INDEX($N$6:$N$1005,$Y34)=$B$2,"오늘","+"&(INDEX($N$6:$N$1005,$Y34)-$B$2)&"일")) | B34: =IF($Y34="","",INDEX($N$6:$N$1005,$Y34)) | C34: =IF($Y34="","",CHOOSE(WEEKDAY(INDEX($N$6:$N$1005,$Y34)),"일","월","화","수","목","금","토")) | D34: =IF($Y34="","",INDEX($O$6:$O$1005,$Y34)) | E34: =IF($Y34="","",INDEX($P$6:$P$1005,$Y34)) | F34: =IF($Y34="","",INDEX($Q$6:$Q$1005,$Y34)) | G34: =IF($Y34="","",INDEX($R$6:$R$1005,$Y34)) | H34: =IF($Y34="","","USD") | I34: =IF($Y34="","",INDEX($S$6:$S$1005,$Y34)) | J34: =IF($Y34="","",INDEX($T$6:$T$1005,$Y34)) | K34: =IF($Y34="","",INDEX($U$6:$U$1005,$Y34)) | L34: =IF($Y34="","",IF(INDEX($S$6:$S$1005,$Y34)>=10,"★ 10백만불↑","")) | N34: =IF('(1)예금승인내역'!H660="","",'(1)예금승인내역'!H660) -> 45384 | O34: =IF('(1)예금승인내역'!G660="","",'(1)예금승인내역'!G660) -> 45370 | P34: =IF('(1)예금승인내역'!F660="","",'(1)예금승인내역'!F660) -> 한국석유공사 | Q34: =IF('(1)예금승인내역'!C660="","",'(1)예금승인내역'!C660) -> 울산영업부 | R34: =IF('(1)예금승인내역'!K660="","",'(1)예금승인내역'!K660) -> 정기예금 | S34: =IF('(1)예금승인내역'!L660="","",'(1)예금승인내역'!L660) -> 10 | T34: =IF('(1)예금승인내역'!AG660="","",'(1)예금승인내역'!AG660) -> 0.0523 | U34: =IF('(1)예금승인내역'!X660="","",'(1)예금승인내역'!X660) -> 0.00091 | V34: =IF(ISNUMBER(N34),N34-$B$2,"") -> -805 | W34: =IF(AND(ISNUMBER(N34),N34>=$B$2,N34<=$B$2+10),N34*100000+ROW(),"") | X34: =IFERROR(SMALL($W$6:$W$1005,29),"") | Y34: =IF(X34="","",MATCH(X34,$W$6:$W$1005,0))
A35: =IF($Y35="","",IF(INDEX($N$6:$N$1005,$Y35)=$B$2,"오늘","+"&(INDEX($N$6:$N$1005,$Y35)-$B$2)&"일")) | B35: =IF($Y35="","",INDEX($N$6:$N$1005,$Y35)) | C35: =IF($Y35="","",CHOOSE(WEEKDAY(INDEX($N$6:$N$1005,$Y35)),"일","월","화","수","목","금","토")) | D35: =IF($Y35="","",INDEX($O$6:$O$1005,$Y35)) | E35: =IF($Y35="","",INDEX($P$6:$P$1005,$Y35)) | F35: =IF($Y35="","",INDEX($Q$6:$Q$1005,$Y35)) | G35: =IF($Y35="","",INDEX($R$6:$R$1005,$Y35)) | H35: =IF($Y35="","","USD") | I35: =IF($Y35="","",INDEX($S$6:$S$1005,$Y35)) | J35: =IF($Y35="","",INDEX($T$6:$T$1005,$Y35)) | K35: =IF($Y35="","",INDEX($U$6:$U$1005,$Y35)) | L35: =IF($Y35="","",IF(INDEX($S$6:$S$1005,$Y35)>=10,"★ 10백만불↑","")) | N35: =IF('(1)예금승인내역'!H661="","",'(1)예금승인내역'!H661) -> 45408 | O35: =IF('(1)예금승인내역'!G661="","",'(1)예금승인내역'!G661) -> 45377 | P35: =IF('(1)예금승인내역'!F661="","",'(1)예금승인내역'!F661) -> ㈜와이투솔루션 | Q35: =IF('(1)예금승인내역'!C661="","",'(1)예금승인내역'!C661) -> 화성금융센터 | R35: =IF('(1)예금승인내역'!K661="","",'(1)예금승인내역'!K661) -> 정기예금 | S35: =IF('(1)예금승인내역'!L661="","",'(1)예금승인내역'!L661) -> 8 | T35: =IF('(1)예금승인내역'!AG661="","",'(1)예금승인내역'!AG661) -> 0.0523 | U35: =IF('(1)예금승인내역'!X661="","",'(1)예금승인내역'!X661) -> 0.002134 | V35: =IF(ISNUMBER(N35),N35-$B$2,"") -> -781 | W35: =IF(AND(ISNUMBER(N35),N35>=$B$2,N35<=$B$2+10),N35*100000+ROW(),"") | X35: =IFERROR(SMALL($W$6:$W$1005,30),"") | Y35: =IF(X35="","",MATCH(X35,$W$6:$W$1005,0))
A36: =IF($Y36="","",IF(INDEX($N$6:$N$1005,$Y36)=$B$2,"오늘","+"&(INDEX($N$6:$N$1005,$Y36)-$B$2)&"일")) | B36: =IF($Y36="","",INDEX($N$6:$N$1005,$Y36)) | C36: =IF($Y36="","",CHOOSE(WEEKDAY(INDEX($N$6:$N$1005,$Y36)),"일","월","화","수","목","금","토")) | D36: =IF($Y36="","",INDEX($O$6:$O$1005,$Y36)) | E36: =IF($Y36="","",INDEX($P$6:$P$1005,$Y36)) | F36: =IF($Y36="","",INDEX($Q$6:$Q$1005,$Y36)) | G36: =IF($Y36="","",INDEX($R$6:$R$1005,$Y36)) | H36: =IF($Y36="","","USD") | I36: =IF($Y36="","",INDEX($S$6:$S$1005,$Y36)) | J36: =IF($Y36="","",INDEX($T$6:$T$1005,$Y36)) | K36: =IF($Y36="","",INDEX($U$6:$U$1005,$Y36)) | L36: =IF($Y36="","",IF(INDEX($S$6:$S$1005,$Y36)>=10,"★ 10백만불↑","")) | N36: =IF('(1)예금승인내역'!H662="","",'(1)예금승인내역'!H662) -> 45408 | O36: =IF('(1)예금승인내역'!G662="","",'(1)예금승인내역'!G662) -> 45377 | P36: =IF('(1)예금승인내역'!F662="","",'(1)예금승인내역'!F662) -> ㈜와이투솔루션 | Q36: =IF('(1)예금승인내역'!C662="","",'(1)예금승인내역'!C662) -> 화성금융센터 | R36: =IF('(1)예금승인내역'!K662="","",'(1)예금승인내역'!K662) -> 정기예금 | S36: =IF('(1)예금승인내역'!L662="","",'(1)예금승인내역'!L662) -> 1 | T36: =IF('(1)예금승인내역'!AG662="","",'(1)예금승인내역'!AG662) -> 0.0523 | U36: =IF('(1)예금승인내역'!X662="","",'(1)예금승인내역'!X662) -> 0.002134 | V36: =IF(ISNUMBER(N36),N36-$B$2,"") -> -781 | W36: =IF(AND(ISNUMBER(N36),N36>=$B$2,N36<=$B$2+10),N36*100000+ROW(),"") | X36: =IFERROR(SMALL($W$6:$W$1005,31),"") | Y36: =IF(X36="","",MATCH(X36,$W$6:$W$1005,0))
A37: =IF($Y37="","",IF(INDEX($N$6:$N$1005,$Y37)=$B$2,"오늘","+"&(INDEX($N$6:$N$1005,$Y37)-$B$2)&"일")) | B37: =IF($Y37="","",INDEX($N$6:$N$1005,$Y37)) | C37: =IF($Y37="","",CHOOSE(WEEKDAY(INDEX($N$6:$N$1005,$Y37)),"일","월","화","수","목","금","토")) | D37: =IF($Y37="","",INDEX($O$6:$O$1005,$Y37)) | E37: =IF($Y37="","",INDEX($P$6:$P$1005,$Y37)) | F37: =IF($Y37="","",INDEX($Q$6:$Q$1005,$Y37)) | G37: =IF($Y37="","",INDEX($R$6:$R$1005,$Y37)) | H37: =IF($Y37="","","USD") | I37: =IF($Y37="","",INDEX($S$6:$S$1005,$Y37)) | J37: =IF($Y37="","",INDEX($T$6:$T$1005,$Y37)) | K37: =IF($Y37="","",INDEX($U$6:$U$1005,$Y37)) | L37: =IF($Y37="","",IF(INDEX($S$6:$S$1005,$Y37)>=10,"★ 10백만불↑","")) | N37: =IF('(1)예금승인내역'!H663="","",'(1)예금승인내역'!H663) -> 45408 | O37: =IF('(1)예금승인내역'!G663="","",'(1)예금승인내역'!G663) -> 45377 | P37: =IF('(1)예금승인내역'!F663="","",'(1)예금승인내역'!F663) -> ㈜와이투솔루션 | Q37: =IF('(1)예금승인내역'!C663="","",'(1)예금승인내역'!C663) -> 화성금융센터 | R37: =IF('(1)예금승인내역'!K663="","",'(1)예금승인내역'!K663) -> 정기예금 | S37: =IF('(1)예금승인내역'!L663="","",'(1)예금승인내역'!L663) -> 1 | T37: =IF('(1)예금승인내역'!AG663="","",'(1)예금승인내역'!AG663) -> 0.0523 | U37: =IF('(1)예금승인내역'!X663="","",'(1)예금승인내역'!X663) -> 0.002134 | V37: =IF(ISNUMBER(N37),N37-$B$2,"") -> -781 | W37: =IF(AND(ISNUMBER(N37),N37>=$B$2,N37<=$B$2+10),N37*100000+ROW(),"") | X37: =IFERROR(SMALL($W$6:$W$1005,32),"") | Y37: =IF(X37="","",MATCH(X37,$W$6:$W$1005,0))
A38: =IF($Y38="","",IF(INDEX($N$6:$N$1005,$Y38)=$B$2,"오늘","+"&(INDEX($N$6:$N$1005,$Y38)-$B$2)&"일")) | B38: =IF($Y38="","",INDEX($N$6:$N$1005,$Y38)) | C38: =IF($Y38="","",CHOOSE(WEEKDAY(INDEX($N$6:$N$1005,$Y38)),"일","월","화","수","목","금","토")) | D38: =IF($Y38="","",INDEX($O$6:$O$1005,$Y38)) | E38: =IF($Y38="","",INDEX($P$6:$P$1005,$Y38)) | F38: =IF($Y38="","",INDEX($Q$6:$Q$1005,$Y38)) | G38: =IF($Y38="","",INDEX($R$6:$R$1005,$Y38)) | H38: =IF($Y38="","","USD") | I38: =IF($Y38="","",INDEX($S$6:$S$1005,$Y38)) | J38: =IF($Y38="","",INDEX($T$6:$T$1005,$Y38)) | K38: =IF($Y38="","",INDEX($U$6:$U$1005,$Y38)) | L38: =IF($Y38="","",IF(INDEX($S$6:$S$1005,$Y38)>=10,"★ 10백만불↑","")) | N38: =IF('(1)예금승인내역'!H664="","",'(1)예금승인내역'!H664) -> 45406 | O38: =IF('(1)예금승인내역'!G664="","",'(1)예금승인내역'!G664) -> 45386 | P38: =IF('(1)예금승인내역'!F664="","",'(1)예금승인내역'!F664) -> 한국석유공사 | Q38: =IF('(1)예금승인내역'!C664="","",'(1)예금승인내역'!C664) -> 울산영업부 | R38: =IF('(1)예금승인내역'!K664="","",'(1)예금승인내역'!K664) -> 정기예금 | S38: =IF('(1)예금승인내역'!L664="","",'(1)예금승인내역'!L664) -> 100 | T38: =IF('(1)예금승인내역'!AG664="","",'(1)예금승인내역'!AG664) -> 0.05 | U38: =IF('(1)예금승인내역'!X664="","",'(1)예금승인내역'!X664) -> 0.003768 | V38: =IF(ISNUMBER(N38),N38-$B$2,"") -> -783 | W38: =IF(AND(ISNUMBER(N38),N38>=$B$2,N38<=$B$2+10),N38*100000+ROW(),"") | X38: =IFERROR(SMALL($W$6:$W$1005,33),"") | Y38: =IF(X38="","",MATCH(X38,$W$6:$W$1005,0))
A39: =IF($Y39="","",IF(INDEX($N$6:$N$1005,$Y39)=$B$2,"오늘","+"&(INDEX($N$6:$N$1005,$Y39)-$B$2)&"일")) | B39: =IF($Y39="","",INDEX($N$6:$N$1005,$Y39)) | C39: =IF($Y39="","",CHOOSE(WEEKDAY(INDEX($N$6:$N$1005,$Y39)),"일","월","화","수","목","금","토")) | D39: =IF($Y39="","",INDEX($O$6:$O$1005,$Y39)) | E39: =IF($Y39="","",INDEX($P$6:$P$1005,$Y39)) | F39: =IF($Y39="","",INDEX($Q$6:$Q$1005,$Y39)) | G39: =IF($Y39="","",INDEX($R$6:$R$1005,$Y39)) | H39: =IF($Y39="","","USD") | I39: =IF($Y39="","",INDEX($S$6:$S$1005,$Y39)) | J39: =IF($Y39="","",INDEX($T$6:$T$1005,$Y39)) | K39: =IF($Y39="","",INDEX($U$6:$U$1005,$Y39)) | L39: =IF($Y39="","",IF(INDEX($S$6:$S$1005,$Y39)>=10,"★ 10백만불↑","")) | N39: =IF('(1)예금승인내역'!H665="","",'(1)예금승인내역'!H665) -> 45419 | O39: =IF('(1)예금승인내역'!G665="","",'(1)예금승인내역'!G665) -> 45387 | P39: =IF('(1)예금승인내역'!F665="","",'(1)예금승인내역'!F665) -> 한국비철㈜ | Q39: =IF('(1)예금승인내역'!C665="","",'(1)예금승인내역'!C665) -> 달성공단영업부 | R39: =IF('(1)예금승인내역'!K665="","",'(1)예금승인내역'!K665) -> 정기예금 | S39: =IF('(1)예금승인내역'!L665="","",'(1)예금승인내역'!L665) -> 7 | T39: =IF('(1)예금승인내역'!AG665="","",'(1)예금승인내역'!AG665) -> 0.052 | U39: =IF('(1)예금승인내역'!X665="","",'(1)예금승인내역'!X665) -> 0.00172 | V39: =IF(ISNUMBER(N39),N39-$B$2,"") -> -770 | W39: =IF(AND(ISNUMBER(N39),N39>=$B$2,N39<=$B$2+10),N39*100000+ROW(),"") | X39: =IFERROR(SMALL($W$6:$W$1005,34),"") | Y39: =IF(X39="","",MATCH(X39,$W$6:$W$1005,0))
A40: =IF($Y40="","",IF(INDEX($N$6:$N$1005,$Y40)=$B$2,"오늘","+"&(INDEX($N$6:$N$1005,$Y40)-$B$2)&"일")) | B40: =IF($Y40="","",INDEX($N$6:$N$1005,$Y40)) | C40: =IF($Y40="","",CHOOSE(WEEKDAY(INDEX($N$6:$N$1005,$Y40)),"일","월","화","수","목","금","토")) | D40: =IF($Y40="","",INDEX($O$6:$O$1005,$Y40)) | E40: =IF($Y40="","",INDEX($P$6:$P$1005,$Y40)) | F40: =IF($Y40="","",INDEX($Q$6:$Q$1005,$Y40)) | G40: =IF($Y40="","",INDEX($R$6:$R$1005,$Y40)) | H40: =IF($Y40="","","USD") | I40: =IF($Y40="","",INDEX($S$6:$S$1005,$Y40)) | J40: =IF($Y40="","",INDEX($T$6:$T$1005,$Y40)) | K40: =IF($Y40="","",INDEX($U$6:$U$1005,$Y40)) | L40: =IF($Y40="","",IF(INDEX($S$6:$S$1005,$Y40)>=10,"★ 10백만불↑","")) | N40: =IF('(1)예금승인내역'!H666="","",'(1)예금승인내역'!H666) -> 45419 | O40: =IF('(1)예금승인내역'!G666="","",'(1)예금승인내역'!G666) -> 45387 | P40: =IF('(1)예금승인내역'!F666="","",'(1)예금승인내역'!F666) -> 한국비철㈜ | Q40: =IF('(1)예금승인내역'!C666="","",'(1)예금승인내역'!C666) -> 달성공단영업부 | R40: =IF('(1)예금승인내역'!K666="","",'(1)예금승인내역'!K666) -> 정기예금 | S40: =IF('(1)예금승인내역'!L666="","",'(1)예금승인내역'!L666) -> 1 | T40: =IF('(1)예금승인내역'!AG666="","",'(1)예금승인내역'!AG666) -> 0.052 | U40: =IF('(1)예금승인내역'!X666="","",'(1)예금승인내역'!X666) -> 0.00172 | V40: =IF(ISNUMBER(N40),N40-$B$2,"") -> -770 | W40: =IF(AND(ISNUMBER(N40),N40>=$B$2,N40<=$B$2+10),N40*100000+ROW(),"") | X40: =IFERROR(SMALL($W$6:$W$1005,35),"") | Y40: =IF(X40="","",MATCH(X40,$W$6:$W$1005,0))
A41: =IF($Y41="","",IF(INDEX($N$6:$N$1005,$Y41)=$B$2,"오늘","+"&(INDEX($N$6:$N$1005,$Y41)-$B$2)&"일")) | B41: =IF($Y41="","",INDEX($N$6:$N$1005,$Y41)) | C41: =IF($Y41="","",CHOOSE(WEEKDAY(INDEX($N$6:$N$1005,$Y41)),"일","월","화","수","목","금","토")) | D41: =IF($Y41="","",INDEX($O$6:$O$1005,$Y41)) | E41: =IF($Y41="","",INDEX($P$6:$P$1005,$Y41)) | F41: =IF($Y41="","",INDEX($Q$6:$Q$1005,$Y41)) | G41: =IF($Y41="","",INDEX($R$6:$R$1005,$Y41)) | H41: =IF($Y41="","","USD") | I41: =IF($Y41="","",INDEX($S$6:$S$1005,$Y41)) | J41: =IF($Y41="","",INDEX($T$6:$T$1005,$Y41)) | K41: =IF($Y41="","",INDEX($U$6:$U$1005,$Y41)) | L41: =IF($Y41="","",IF(INDEX($S$6:$S$1005,$Y41)>=10,"★ 10백만불↑","")) | N41: =IF('(1)예금승인내역'!H667="","",'(1)예금승인내역'!H667) -> 45426 | O41: =IF('(1)예금승인내역'!G667="","",'(1)예금승인내역'!G667) -> 45397 | P41: =IF('(1)예금승인내역'!F667="","",'(1)예금승인내역'!F667) -> 오스템임플란트㈜ | Q41: =IF('(1)예금승인내역'!C667="","",'(1)예금승인내역'!C667) -> 성남금융센터 | R41: =IF('(1)예금승인내역'!K667="","",'(1)예금승인내역'!K667) -> MMDA | S41: =IF('(1)예금승인내역'!L667="","",'(1)예금승인내역'!L667) -> 2 | T41: =IF('(1)예금승인내역'!AG667="","",'(1)예금승인내역'!AG667) -> 0.0435 | U41: =IF('(1)예금승인내역'!X667="","",'(1)예금승인내역'!X667) -> 0.010192 | V41: =IF(ISNUMBER(N41),N41-$B$2,"") -> -763 | W41: =IF(AND(ISNUMBER(N41),N41>=$B$2,N41<=$B$2+10),N41*100000+ROW(),"") | X41: =IFERROR(SMALL($W$6:$W$1005,36),"") | Y41: =IF(X41="","",MATCH(X41,$W$6:$W$1005,0))
A42: =IF($Y42="","",IF(INDEX($N$6:$N$1005,$Y42)=$B$2,"오늘","+"&(INDEX($N$6:$N$1005,$Y42)-$B$2)&"일")) | B42: =IF($Y42="","",INDEX($N$6:$N$1005,$Y42)) | C42: =IF($Y42="","",CHOOSE(WEEKDAY(INDEX($N$6:$N$1005,$Y42)),"일","월","화","수","목","금","토")) | D42: =IF($Y42="","",INDEX($O$6:$O$1005,$Y42)) | E42: =IF($Y42="","",INDEX($P$6:$P$1005,$Y42)) | F42: =IF($Y42="","",INDEX($Q$6:$Q$1005,$Y42)) | G42: =IF($Y42="","",INDEX($R$6:$R$1005,$Y42)) | H42: =IF($Y42="","","USD") | I42: =IF($Y42="","",INDEX($S$6:$S$1005,$Y42)) | J42: =IF($Y42="","",INDEX($T$6:$T$1005,$Y42)) | K42: =IF($Y42="","",INDEX($U$6:$U$1005,$Y42)) | L42: =IF($Y42="","",IF(INDEX($S$6:$S$1005,$Y42)>=10,"★ 10백만불↑","")) | N42: =IF('(1)예금승인내역'!H668="","",'(1)예금승인내역'!H668) -> 45492 | O42: =IF('(1)예금승인내역'!G668="","",'(1)예금승인내역'!G668) -> 45401 | P42: =IF('(1)예금승인내역'!F668="","",'(1)예금승인내역'!F668) -> 에스엠상선㈜ | Q42: =IF('(1)예금승인내역'!C668="","",'(1)예금승인내역'!C668) -> 강남영업부 | R42: =IF('(1)예금승인내역'!K668="","",'(1)예금승인내역'!K668) -> 정기예금 | S42: =IF('(1)예금승인내역'!L668="","",'(1)예금승인내역'!L668) -> 10 | T42: =IF('(1)예금승인내역'!AG668="","",'(1)예금승인내역'!AG668) -> 0.0533 | U42: =IF('(1)예금승인내역'!X668="","",'(1)예금승인내역'!X668) -> 0.002564 | V42: =IF(ISNUMBER(N42),N42-$B$2,"") -> -697 | W42: =IF(AND(ISNUMBER(N42),N42>=$B$2,N42<=$B$2+10),N42*100000+ROW(),"") | X42: =IFERROR(SMALL($W$6:$W$1005,37),"") | Y42: =IF(X42="","",MATCH(X42,$W$6:$W$1005,0))
A43: =IF($Y43="","",IF(INDEX($N$6:$N$1005,$Y43)=$B$2,"오늘","+"&(INDEX($N$6:$N$1005,$Y43)-$B$2)&"일")) | B43: =IF($Y43="","",INDEX($N$6:$N$1005,$Y43)) | C43: =IF($Y43="","",CHOOSE(WEEKDAY(INDEX($N$6:$N$1005,$Y43)),"일","월","화","수","목","금","토")) | D43: =IF($Y43="","",INDEX($O$6:$O$1005,$Y43)) | E43: =IF($Y43="","",INDEX($P$6:$P$1005,$Y43)) | F43: =IF($Y43="","",INDEX($Q$6:$Q$1005,$Y43)) | G43: =IF($Y43="","",INDEX($R$6:$R$1005,$Y43)) | H43: =IF($Y43="","","USD") | I43: =IF($Y43="","",INDEX($S$6:$S$1005,$Y43)) | J43: =IF($Y43="","",INDEX($T$6:$T$1005,$Y43)) | K43: =IF($Y43="","",INDEX($U$6:$U$1005,$Y43)) | L43: =IF($Y43="","",IF(INDEX($S$6:$S$1005,$Y43)>=10,"★ 10백만불↑","")) | N43: =IF('(1)예금승인내역'!H669="","",'(1)예금승인내역'!H669) -> 45450 | O43: =IF('(1)예금승인내역'!G669="","",'(1)예금승인내역'!G669) -> 45419 | P43: =IF('(1)예금승인내역'!F669="","",'(1)예금승인내역'!F669) -> 한국비철㈜ | Q43: =IF('(1)예금승인내역'!C669="","",'(1)예금승인내역'!C669) -> 달성공단영업부 | R43: =IF('(1)예금승인내역'!K669="","",'(1)예금승인내역'!K669) -> 정기예금 | S43: =IF('(1)예금승인내역'!L669="","",'(1)예금승인내역'!L669) -> 7 | T43: =IF('(1)예금승인내역'!AG669="","",'(1)예금승인내역'!AG669) -> 0.052 | U43: =IF('(1)예금승인내역'!X669="","",'(1)예금승인내역'!X669) -> 0.002379 | V43: =IF(ISNUMBER(N43),N43-$B$2,"") -> -739 | W43: =IF(AND(ISNUMBER(N43),N43>=$B$2,N43<=$B$2+10),N43*100000+ROW(),"") | X43: =IFERROR(SMALL($W$6:$W$1005,38),"") | Y43: =IF(X43="","",MATCH(X43,$W$6:$W$1005,0))
A44: =IF($Y44="","",IF(INDEX($N$6:$N$1005,$Y44)=$B$2,"오늘","+"&(INDEX($N$6:$N$1005,$Y44)-$B$2)&"일")) | B44: =IF($Y44="","",INDEX($N$6:$N$1005,$Y44)) | C44: =IF($Y44="","",CHOOSE(WEEKDAY(INDEX($N$6:$N$1005,$Y44)),"일","월","화","수","목","금","토")) | D44: =IF($Y44="","",INDEX($O$6:$O$1005,$Y44)) | E44: =IF($Y44="","",INDEX($P$6:$P$1005,$Y44)) | F44: =IF($Y44="","",INDEX($Q$6:$Q$1005,$Y44)) | G44: =IF($Y44="","",INDEX($R$6:$R$1005,$Y44)) | H44: =IF($Y44="","","USD") | I44: =IF($Y44="","",INDEX($S$6:$S$1005,$Y44)) | J44: =IF($Y44="","",INDEX($T$6:$T$1005,$Y44)) | K44: =IF($Y44="","",INDEX($U$6:$U$1005,$Y44)) | L44: =IF($Y44="","",IF(INDEX($S$6:$S$1005,$Y44)>=10,"★ 10백만불↑","")) | N44: =IF('(1)예금승인내역'!H670="","",'(1)예금승인내역'!H670) -> 45450 | O44: =IF('(1)예금승인내역'!G670="","",'(1)예금승인내역'!G670) -> 45419 | P44: =IF('(1)예금승인내역'!F670="","",'(1)예금승인내역'!F670) -> 한국비철㈜ | Q44: =IF('(1)예금승인내역'!C670="","",'(1)예금승인내역'!C670) -> 달성공단영업부 | R44: =IF('(1)예금승인내역'!K670="","",'(1)예금승인내역'!K670) -> 정기예금 | S44: =IF('(1)예금승인내역'!L670="","",'(1)예금승인내역'!L670) -> 1 | T44: =IF('(1)예금승인내역'!AG670="","",'(1)예금승인내역'!AG670) -> 0.052 | U44: =IF('(1)예금승인내역'!X670="","",'(1)예금승인내역'!X670) -> 0.002379 | V44: =IF(ISNUMBER(N44),N44-$B$2,"") -> -739 | W44: =IF(AND(ISNUMBER(N44),N44>=$B$2,N44<=$B$2+10),N44*100000+ROW(),"") | X44: =IFERROR(SMALL($W$6:$W$1005,39),"") | Y44: =IF(X44="","",MATCH(X44,$W$6:$W$1005,0))
A45: =IF($Y45="","",IF(INDEX($N$6:$N$1005,$Y45)=$B$2,"오늘","+"&(INDEX($N$6:$N$1005,$Y45)-$B$2)&"일")) | B45: =IF($Y45="","",INDEX($N$6:$N$1005,$Y45)) | C45: =IF($Y45="","",CHOOSE(WEEKDAY(INDEX($N$6:$N$1005,$Y45)),"일","월","화","수","목","금","토")) | D45: =IF($Y45="","",INDEX($O$6:$O$1005,$Y45)) | E45: =IF($Y45="","",INDEX($P$6:$P$1005,$Y45)) | F45: =IF($Y45="","",INDEX($Q$6:$Q$1005,$Y45)) | G45: =IF($Y45="","",INDEX($R$6:$R$1005,$Y45)) | H45: =IF($Y45="","","USD") | I45: =IF($Y45="","",INDEX($S$6:$S$1005,$Y45)) | J45: =IF($Y45="","",INDEX($T$6:$T$1005,$Y45)) | K45: =IF($Y45="","",INDEX($U$6:$U$1005,$Y45)) | L45: =IF($Y45="","",IF(INDEX($S$6:$S$1005,$Y45)>=10,"★ 10백만불↑","")) | N45: =IF('(1)예금승인내역'!H671="","",'(1)예금승인내역'!H671) -> 45450 | O45: =IF('(1)예금승인내역'!G671="","",'(1)예금승인내역'!G671) -> 45420 | P45: =IF('(1)예금승인내역'!F671="","",'(1)예금승인내역'!F671) -> 한국비철㈜ | Q45: =IF('(1)예금승인내역'!C671="","",'(1)예금승인내역'!C671) -> 달성공단영업부 | R45: =IF('(1)예금승인내역'!K671="","",'(1)예금승인내역'!K671) -> MMDA | S45: =IF('(1)예금승인내역'!L671="","",'(1)예금승인내역'!L671) -> 2 | T45: =IF('(1)예금승인내역'!AG671="","",'(1)예금승인내역'!AG671) -> 0.0535 | U45: =IF('(1)예금승인내역'!X671="","",'(1)예금승인내역'!X671) -> 0.010229 | V45: =IF(ISNUMBER(N45),N45-$B$2,"") -> -739 | W45: =IF(AND(ISNUMBER(N45),N45>=$B$2,N45<=$B$2+10),N45*100000+ROW(),"") | X45: =IFERROR(SMALL($W$6:$W$1005,40),"") | Y45: =IF(X45="","",MATCH(X45,$W$6:$W$1005,0))
A46: =IF($Y46="","",IF(INDEX($N$6:$N$1005,$Y46)=$B$2,"오늘","+"&(INDEX($N$6:$N$1005,$Y46)-$B$2)&"일")) | B46: =IF($Y46="","",INDEX($N$6:$N$1005,$Y46)) | C46: =IF($Y46="","",CHOOSE(WEEKDAY(INDEX($N$6:$N$1005,$Y46)),"일","월","화","수","목","금","토")) | D46: =IF($Y46="","",INDEX($O$6:$O$1005,$Y46)) | E46: =IF($Y46="","",INDEX($P$6:$P$1005,$Y46)) | F46: =IF($Y46="","",INDEX($Q$6:$Q$1005,$Y46)) | G46: =IF($Y46="","",INDEX($R$6:$R$1005,$Y46)) | H46: =IF($Y46="","","USD") | I46: =IF($Y46="","",INDEX($S$6:$S$1005,$Y46)) | J46: =IF($Y46="","",INDEX($T$6:$T$1005,$Y46)) | K46: =IF($Y46="","",INDEX($U$6:$U$1005,$Y46)) | L46: =IF($Y46="","",IF(INDEX($S$6:$S$1005,$Y46)>=10,"★ 10백만불↑","")) | N46: =IF('(1)예금승인내역'!H672="","",'(1)예금승인내역'!H672) -> 45457 | O46: =IF('(1)예금승인내역'!G672="","",'(1)예금승인내역'!G672) -> 45426 | P46: =IF('(1)예금승인내역'!F672="","",'(1)예금승인내역'!F672) -> 오스템임플란트㈜ | Q46: =IF('(1)예금승인내역'!C672="","",'(1)예금승인내역'!C672) -> 성남금융센터 | R46: =IF('(1)예금승인내역'!K672="","",'(1)예금승인내역'!K672) -> MMDA | S46: =IF('(1)예금승인내역'!L672="","",'(1)예금승인내역'!L672) -> 2 | T46: =IF('(1)예금승인내역'!AG672="","",'(1)예금승인내역'!AG672) -> 0.0435 | U46: =IF('(1)예금승인내역'!X672="","",'(1)예금승인내역'!X672) -> 0.008696 | V46: =IF(ISNUMBER(N46),N46-$B$2,"") -> -732 | W46: =IF(AND(ISNUMBER(N46),N46>=$B$2,N46<=$B$2+10),N46*100000+ROW(),"") | X46: =IFERROR(SMALL($W$6:$W$1005,41),"") | Y46: =IF(X46="","",MATCH(X46,$W$6:$W$1005,0))
A47: =IF($Y47="","",IF(INDEX($N$6:$N$1005,$Y47)=$B$2,"오늘","+"&(INDEX($N$6:$N$1005,$Y47)-$B$2)&"일")) | B47: =IF($Y47="","",INDEX($N$6:$N$1005,$Y47)) | C47: =IF($Y47="","",CHOOSE(WEEKDAY(INDEX($N$6:$N$1005,$Y47)),"일","월","화","수","목","금","토")) | D47: =IF($Y47="","",INDEX($O$6:$O$1005,$Y47)) | E47: =IF($Y47="","",INDEX($P$6:$P$1005,$Y47)) | F47: =IF($Y47="","",INDEX($Q$6:$Q$1005,$Y47)) | G47: =IF($Y47="","",INDEX($R$6:$R$1005,$Y47)) | H47: =IF($Y47="","","USD") | I47: =IF($Y47="","",INDEX($S$6:$S$1005,$Y47)) | J47: =IF($Y47="","",INDEX($T$6:$T$1005,$Y47)) | K47: =IF($Y47="","",INDEX($U$6:$U$1005,$Y47)) | L47: =IF($Y47="","",IF(INDEX($S$6:$S$1005,$Y47)>=10,"★ 10백만불↑","")) | N47: =IF('(1)예금승인내역'!H673="","",'(1)예금승인내역'!H673) -> 45518 | O47: =IF('(1)예금승인내역'!G673="","",'(1)예금승인내역'!G673) -> 45426 | P47: =IF('(1)예금승인내역'!F673="","",'(1)예금승인내역'!F673) -> 대성산업㈜ | Q47: =IF('(1)예금승인내역'!C673="","",'(1)예금승인내역'!C673) -> 강남영업부 | R47: =IF('(1)예금승인내역'!K673="","",'(1)예금승인내역'!K673) -> 정기예금 | S47: =IF('(1)예금승인내역'!L673="","",'(1)예금승인내역'!L673) -> 3.5 | T47: =IF('(1)예금승인내역'!AG673="","",'(1)예금승인내역'!AG673) -> 0.0533 | U47: =IF('(1)예금승인내역'!X673="","",'(1)예금승인내역'!X673) -> 0.002527 | V47: =IF(ISNUMBER(N47),N47-$B$2,"") -> -671 | W47: =IF(AND(ISNUMBER(N47),N47>=$B$2,N47<=$B$2+10),N47*100000+ROW(),"") | X47: =IFERROR(SMALL($W$6:$W$1005,42),"") | Y47: =IF(X47="","",MATCH(X47,$W$6:$W$1005,0))
A48: =IF($Y48="","",IF(INDEX($N$6:$N$1005,$Y48)=$B$2,"오늘","+"&(INDEX($N$6:$N$1005,$Y48)-$B$2)&"일")) | B48: =IF($Y48="","",INDEX($N$6:$N$1005,$Y48)) | C48: =IF($Y48="","",CHOOSE(WEEKDAY(INDEX($N$6:$N$1005,$Y48)),"일","월","화","수","목","금","토")) | D48: =IF($Y48="","",INDEX($O$6:$O$1005,$Y48)) | E48: =IF($Y48="","",INDEX($P$6:$P$1005,$Y48)) | F48: =IF($Y48="","",INDEX($Q$6:$Q$1005,$Y48)) | G48: =IF($Y48="","",INDEX($R$6:$R$1005,$Y48)) | H48: =IF($Y48="","","USD") | I48: =IF($Y48="","",INDEX($S$6:$S$1005,$Y48)) | J48: =IF($Y48="","",INDEX($T$6:$T$1005,$Y48)) | K48: =IF($Y48="","",INDEX($U$6:$U$1005,$Y48)) | L48: =IF($Y48="","",IF(INDEX($S$6:$S$1005,$Y48)>=10,"★ 10백만불↑","")) | N48: =IF('(1)예금승인내역'!H674="","",'(1)예금승인내역'!H674) -> 45559 | O48: =IF('(1)예금승인내역'!G674="","",'(1)예금승인내역'!G674) -> 45436 | P48: =IF('(1)예금승인내역'!F674="","",'(1)예금승인내역'!F674) -> 일양약품㈜ | Q48: =IF('(1)예금승인내역'!C674="","",'(1)예금승인내역'!C674) -> 화성금융센터 | R48: =IF('(1)예금승인내역'!K674="","",'(1)예금승인내역'!K674) -> 정기예금 | S48: =IF('(1)예금승인내역'!L674="","",'(1)예금승인내역'!L674) -> 3 | T48: =IF('(1)예금승인내역'!AG674="","",'(1)예금승인내역'!AG674) -> 0.0535 | U48: =IF('(1)예금승인내역'!X674="","",'(1)예금승인내역'!X674) -> 0.002457 | V48: =IF(ISNUMBER(N48),N48-$B$2,"") -> -630 | W48: =IF(AND(ISNUMBER(N48),N48>=$B$2,N48<=$B$2+10),N48*100000+ROW(),"") | X48: =IFERROR(SMALL($W$6:$W$1005,43),"") | Y48: =IF(X48="","",MATCH(X48,$W$6:$W$1005,0))
A49: =IF($Y49="","",IF(INDEX($N$6:$N$1005,$Y49)=$B$2,"오늘","+"&(INDEX($N$6:$N$1005,$Y49)-$B$2)&"일")) | B49: =IF($Y49="","",INDEX($N$6:$N$1005,$Y49)) | C49: =IF($Y49="","",CHOOSE(WEEKDAY(INDEX($N$6:$N$1005,$Y49)),"일","월","화","수","목","금","토")) | D49: =IF($Y49="","",INDEX($O$6:$O$1005,$Y49)) | E49: =IF($Y49="","",INDEX($P$6:$P$1005,$Y49)) | F49: =IF($Y49="","",INDEX($Q$6:$Q$1005,$Y49)) | G49: =IF($Y49="","",INDEX($R$6:$R$1005,$Y49)) | H49: =IF($Y49="","","USD") | I49: =IF($Y49="","",INDEX($S$6:$S$1005,$Y49)) | J49: =IF($Y49="","",INDEX($T$6:$T$1005,$Y49)) | K49: =IF($Y49="","",INDEX($U$6:$U$1005,$Y49)) | L49: =IF($Y49="","",IF(INDEX($S$6:$S$1005,$Y49)>=10,"★ 10백만불↑","")) | N49: =IF('(1)예금승인내역'!H675="","",'(1)예금승인내역'!H675) -> 45503 | O49: =IF('(1)예금승인내역'!G675="","",'(1)예금승인내역'!G675) -> 45439 | P49: =IF('(1)예금승인내역'!F675="","",'(1)예금승인내역'!F675) -> 에스엠상선㈜ | Q49: =IF('(1)예금승인내역'!C675="","",'(1)예금승인내역'!C675) -> 강남영업부 | R49: =IF('(1)예금승인내역'!K675="","",'(1)예금승인내역'!K675) -> 정기예금 | S49: =IF('(1)예금승인내역'!L675="","",'(1)예금승인내역'!L675) -> 10 | T49: =IF('(1)예금승인내역'!AG675="","",'(1)예금승인내역'!AG675) -> 0.053 | U49: =IF('(1)예금승인내역'!X675="","",'(1)예금승인내역'!X675) -> 0.002255 | V49: =IF(ISNUMBER(N49),N49-$B$2,"") -> -686 | W49: =IF(AND(ISNUMBER(N49),N49>=$B$2,N49<=$B$2+10),N49*100000+ROW(),"") | X49: =IFERROR(SMALL($W$6:$W$1005,44),"") | Y49: =IF(X49="","",MATCH(X49,$W$6:$W$1005,0))
A50: =IF($Y50="","",IF(INDEX($N$6:$N$1005,$Y50)=$B$2,"오늘","+"&(INDEX($N$6:$N$1005,$Y50)-$B$2)&"일")) | B50: =IF($Y50="","",INDEX($N$6:$N$1005,$Y50)) | C50: =IF($Y50="","",CHOOSE(WEEKDAY(INDEX($N$6:$N$1005,$Y50)),"일","월","화","수","목","금","토")) | D50: =IF($Y50="","",INDEX($O$6:$O$1005,$Y50)) | E50: =IF($Y50="","",INDEX($P$6:$P$1005,$Y50)) | F50: =IF($Y50="","",INDEX($Q$6:$Q$1005,$Y50)) | G50: =IF($Y50="","",INDEX($R$6:$R$1005,$Y50)) | H50: =IF($Y50="","","USD") | I50: =IF($Y50="","",INDEX($S$6:$S$1005,$Y50)) | J50: =IF($Y50="","",INDEX($T$6:$T$1005,$Y50)) | K50: =IF($Y50="","",INDEX($U$6:$U$1005,$Y50)) | L50: =IF($Y50="","",IF(INDEX($S$6:$S$1005,$Y50)>=10,"★ 10백만불↑","")) | N50: =IF('(1)예금승인내역'!H676="","",'(1)예금승인내역'!H676) -> 45470 | O50: =IF('(1)예금승인내역'!G676="","",'(1)예금승인내역'!G676) -> 45439 | P50: =IF('(1)예금승인내역'!F676="","",'(1)예금승인내역'!F676) -> ㈜와이투솔루션 | Q50: =IF('(1)예금승인내역'!C676="","",'(1)예금승인내역'!C676) -> 화성금융센터 | R50: =IF('(1)예금승인내역'!K676="","",'(1)예금승인내역'!K676) -> 정기예금 | S50: =IF('(1)예금승인내역'!L676="","",'(1)예금승인내역'!L676) -> 10 | T50: =IF('(1)예금승인내역'!AG676="","",'(1)예금승인내역'!AG676) -> 0.0523 | U50: =IF('(1)예금승인내역'!X676="","",'(1)예금승인내역'!X676) -> 0.002099 | V50: =IF(ISNUMBER(N50),N50-$B$2,"") -> -719 | W50: =IF(AND(ISNUMBER(N50),N50>=$B$2,N50<=$B$2+10),N50*100000+ROW(),"") | X50: =IFERROR(SMALL($W$6:$W$1005,45),"") | Y50: =IF(X50="","",MATCH(X50,$W$6:$W$1005,0))
A51: =IF($Y51="","",IF(INDEX($N$6:$N$1005,$Y51)=$B$2,"오늘","+"&(INDEX($N$6:$N$1005,$Y51)-$B$2)&"일")) | B51: =IF($Y51="","",INDEX($N$6:$N$1005,$Y51)) | C51: =IF($Y51="","",CHOOSE(WEEKDAY(INDEX($N$6:$N$1005,$Y51)),"일","월","화","수","목","금","토")) | D51: =IF($Y51="","",INDEX($O$6:$O$1005,$Y51)) | E51: =IF($Y51="","",INDEX($P$6:$P$1005,$Y51)) | F51: =IF($Y51="","",INDEX($Q$6:$Q$1005,$Y51)) | G51: =IF($Y51="","",INDEX($R$6:$R$1005,$Y51)) | H51: =IF($Y51="","","USD") | I51: =IF($Y51="","",INDEX($S$6:$S$1005,$Y51)) | J51: =IF($Y51="","",INDEX($T$6:$T$1005,$Y51)) | K51: =IF($Y51="","",INDEX($U$6:$U$1005,$Y51)) | L51: =IF($Y51="","",IF(INDEX($S$6:$S$1005,$Y51)>=10,"★ 10백만불↑","")) | N51: =IF('(1)예금승인내역'!H677="","",'(1)예금승인내역'!H677) -> 45470 | O51: =IF('(1)예금승인내역'!G677="","",'(1)예금승인내역'!G677) -> 45439 | P51: =IF('(1)예금승인내역'!F677="","",'(1)예금승인내역'!F677) -> ㈜와이투솔루션 | Q51: =IF('(1)예금승인내역'!C677="","",'(1)예금승인내역'!C677) -> 화성금융센터 | R51: =IF('(1)예금승인내역'!K677="","",'(1)예금승인내역'!K677) -> 정기예금 | S51: =IF('(1)예금승인내역'!L677="","",'(1)예금승인내역'!L677) -> 2 | T51: =IF('(1)예금승인내역'!AG677="","",'(1)예금승인내역'!AG677) -> 0.0523 | U51: =IF('(1)예금승인내역'!X677="","",'(1)예금승인내역'!X677) -> 0.002099 | V51: =IF(ISNUMBER(N51),N51-$B$2,"") -> -719 | W51: =IF(AND(ISNUMBER(N51),N51>=$B$2,N51<=$B$2+10),N51*100000+ROW(),"") | X51: =IFERROR(SMALL($W$6:$W$1005,46),"") | Y51: =IF(X51="","",MATCH(X51,$W$6:$W$1005,0))
A52: =IF($Y52="","",IF(INDEX($N$6:$N$1005,$Y52)=$B$2,"오늘","+"&(INDEX($N$6:$N$1005,$Y52)-$B$2)&"일")) | B52: =IF($Y52="","",INDEX($N$6:$N$1005,$Y52)) | C52: =IF($Y52="","",CHOOSE(WEEKDAY(INDEX($N$6:$N$1005,$Y52)),"일","월","화","수","목","금","토")) | D52: =IF($Y52="","",INDEX($O$6:$O$1005,$Y52)) | E52: =IF($Y52="","",INDEX($P$6:$P$1005,$Y52)) | F52: =IF($Y52="","",INDEX($Q$6:$Q$1005,$Y52)) | G52: =IF($Y52="","",INDEX($R$6:$R$1005,$Y52)) | H52: =IF($Y52="","","USD") | I52: =IF($Y52="","",INDEX($S$6:$S$1005,$Y52)) | J52: =IF($Y52="","",INDEX($T$6:$T$1005,$Y52)) | K52: =IF($Y52="","",INDEX($U$6:$U$1005,$Y52)) | L52: =IF($Y52="","",IF(INDEX($S$6:$S$1005,$Y52)>=10,"★ 10백만불↑","")) | N52: =IF('(1)예금승인내역'!H678="","",'(1)예금승인내역'!H678) -> 45476 | O52: =IF('(1)예금승인내역'!G678="","",'(1)예금승인내역'!G678) -> 45446 | P52: =IF('(1)예금승인내역'!F678="","",'(1)예금승인내역'!F678) -> ㈜이수스페셜티케미컬 | Q52: =IF('(1)예금승인내역'!C678="","",'(1)예금승인내역'!C678) -> 성남금융센터 | R52: =IF('(1)예금승인내역'!K678="","",'(1)예금승인내역'!K678) -> MMDA | S52: =IF('(1)예금승인내역'!L678="","",'(1)예금승인내역'!L678) -> 2 | T52: =IF('(1)예금승인내역'!AG678="","",'(1)예금승인내역'!AG678) -> 0.054 | U52: =IF('(1)예금승인내역'!X678="","",'(1)예금승인내역'!X678) -> 0.009793 | V52: =IF(ISNUMBER(N52),N52-$B$2,"") -> -713 | W52: =IF(AND(ISNUMBER(N52),N52>=$B$2,N52<=$B$2+10),N52*100000+ROW(),"") | X52: =IFERROR(SMALL($W$6:$W$1005,47),"") | Y52: =IF(X52="","",MATCH(X52,$W$6:$W$1005,0))
A53: =IF($Y53="","",IF(INDEX($N$6:$N$1005,$Y53)=$B$2,"오늘","+"&(INDEX($N$6:$N$1005,$Y53)-$B$2)&"일")) | B53: =IF($Y53="","",INDEX($N$6:$N$1005,$Y53)) | C53: =IF($Y53="","",CHOOSE(WEEKDAY(INDEX($N$6:$N$1005,$Y53)),"일","월","화","수","목","금","토")) | D53: =IF($Y53="","",INDEX($O$6:$O$1005,$Y53)) | E53: =IF($Y53="","",INDEX($P$6:$P$1005,$Y53)) | F53: =IF($Y53="","",INDEX($Q$6:$Q$1005,$Y53)) | G53: =IF($Y53="","",INDEX($R$6:$R$1005,$Y53)) | H53: =IF($Y53="","","USD") | I53: =IF($Y53="","",INDEX($S$6:$S$1005,$Y53)) | J53: =IF($Y53="","",INDEX($T$6:$T$1005,$Y53)) | K53: =IF($Y53="","",INDEX($U$6:$U$1005,$Y53)) | L53: =IF($Y53="","",IF(INDEX($S$6:$S$1005,$Y53)>=10,"★ 10백만불↑","")) | N53: =IF('(1)예금승인내역'!H679="","",'(1)예금승인내역'!H679) -> 45481 | O53: =IF('(1)예금승인내역'!G679="","",'(1)예금승인내역'!G679) -> 45450 | P53: =IF('(1)예금승인내역'!F679="","",'(1)예금승인내역'!F679) -> 한국비철㈜ | Q53: =IF('(1)예금승인내역'!C679="","",'(1)예금승인내역'!C679) -> 달성공단영업부 | R53: =IF('(1)예금승인내역'!K679="","",'(1)예금승인내역'!K679) -> 정기예금 | S53: =IF('(1)예금승인내역'!L679="","",'(1)예금승인내역'!L679) -> 7 | T53: =IF('(1)예금승인내역'!AG679="","",'(1)예금승인내역'!AG679) -> 0.052 | U53: =IF('(1)예금승인내역'!X679="","",'(1)예금승인내역'!X679) -> 0.002425 | V53: =IF(ISNUMBER(N53),N53-$B$2,"") -> -708 | W53: =IF(AND(ISNUMBER(N53),N53>=$B$2,N53<=$B$2+10),N53*100000+ROW(),"") | X53: =IFERROR(SMALL($W$6:$W$1005,48),"") | Y53: =IF(X53="","",MATCH(X53,$W$6:$W$1005,0))
A54: =IF($Y54="","",IF(INDEX($N$6:$N$1005,$Y54)=$B$2,"오늘","+"&(INDEX($N$6:$N$1005,$Y54)-$B$2)&"일")) | B54: =IF($Y54="","",INDEX($N$6:$N$1005,$Y54)) | C54: =IF($Y54="","",CHOOSE(WEEKDAY(INDEX($N$6:$N$1005,$Y54)),"일","월","화","수","목","금","토")) | D54: =IF($Y54="","",INDEX($O$6:$O$1005,$Y54)) | E54: =IF($Y54="","",INDEX($P$6:$P$1005,$Y54)) | F54: =IF($Y54="","",INDEX($Q$6:$Q$1005,$Y54)) | G54: =IF($Y54="","",INDEX($R$6:$R$1005,$Y54)) | H54: =IF($Y54="","","USD") | I54: =IF($Y54="","",INDEX($S$6:$S$1005,$Y54)) | J54: =IF($Y54="","",INDEX($T$6:$T$1005,$Y54)) | K54: =IF($Y54="","",INDEX($U$6:$U$1005,$Y54)) | L54: =IF($Y54="","",IF(INDEX($S$6:$S$1005,$Y54)>=10,"★ 10백만불↑","")) | N54: =IF('(1)예금승인내역'!H680="","",'(1)예금승인내역'!H680) -> 45481 | O54: =IF('(1)예금승인내역'!G680="","",'(1)예금승인내역'!G680) -> 45450 | P54: =IF('(1)예금승인내역'!F680="","",'(1)예금승인내역'!F680) -> 한국비철㈜ | Q54: =IF('(1)예금승인내역'!C680="","",'(1)예금승인내역'!C680) -> 달성공단영업부 | R54: =IF('(1)예금승인내역'!K680="","",'(1)예금승인내역'!K680) -> 정기예금 | S54: =IF('(1)예금승인내역'!L680="","",'(1)예금승인내역'!L680) -> 1 | T54: =IF('(1)예금승인내역'!AG680="","",'(1)예금승인내역'!AG680) -> 0.052 | U54: =IF('(1)예금승인내역'!X680="","",'(1)예금승인내역'!X680) -> 0.002425 | V54: =IF(ISNUMBER(N54),N54-$B$2,"") -> -708 | W54: =IF(AND(ISNUMBER(N54),N54>=$B$2,N54<=$B$2+10),N54*100000+ROW(),"") | X54: =IFERROR(SMALL($W$6:$W$1005,49),"") | Y54: =IF(X54="","",MATCH(X54,$W$6:$W$1005,0))
A55: =IF($Y55="","",IF(INDEX($N$6:$N$1005,$Y55)=$B$2,"오늘","+"&(INDEX($N$6:$N$1005,$Y55)-$B$2)&"일")) | B55: =IF($Y55="","",INDEX($N$6:$N$1005,$Y55)) | C55: =IF($Y55="","",CHOOSE(WEEKDAY(INDEX($N$6:$N$1005,$Y55)),"일","월","화","수","목","금","토")) | D55: =IF($Y55="","",INDEX($O$6:$O$1005,$Y55)) | E55: =IF($Y55="","",INDEX($P$6:$P$1005,$Y55)) | F55: =IF($Y55="","",INDEX($Q$6:$Q$1005,$Y55)) | G55: =IF($Y55="","",INDEX($R$6:$R$1005,$Y55)) | H55: =IF($Y55="","","USD") | I55: =IF($Y55="","",INDEX($S$6:$S$1005,$Y55)) | J55: =IF($Y55="","",INDEX($T$6:$T$1005,$Y55)) | K55: =IF($Y55="","",INDEX($U$6:$U$1005,$Y55)) | L55: =IF($Y55="","",IF(INDEX($S$6:$S$1005,$Y55)>=10,"★ 10백만불↑","")) | N55: =IF('(1)예금승인내역'!H681="","",'(1)예금승인내역'!H681) -> 45468 | O55: =IF('(1)예금승인내역'!G681="","",'(1)예금승인내역'!G681) -> 45457 | P55: =IF('(1)예금승인내역'!F681="","",'(1)예금승인내역'!F681) -> 한국석유공사 | Q55: =IF('(1)예금승인내역'!C681="","",'(1)예금승인내역'!C681) -> 울산영업부 | R55: =IF('(1)예금승인내역'!K681="","",'(1)예금승인내역'!K681) -> 정기예금 | S55: =IF('(1)예금승인내역'!L681="","",'(1)예금승인내역'!L681) -> 15 | T55: =IF('(1)예금승인내역'!AG681="","",'(1)예금승인내역'!AG681) -> 0.05 | U55: =IF('(1)예금승인내역'!X681="","",'(1)예금승인내역'!X681) -> 0.003071 | V55: =IF(ISNUMBER(N55),N55-$B$2,"") -> -721 | W55: =IF(AND(ISNUMBER(N55),N55>=$B$2,N55<=$B$2+10),N55*100000+ROW(),"") | X55: =IFERROR(SMALL($W$6:$W$1005,50),"") | Y55: =IF(X55="","",MATCH(X55,$W$6:$W$1005,0))
A56: =IF($Y56="","",IF(INDEX($N$6:$N$1005,$Y56)=$B$2,"오늘","+"&(INDEX($N$6:$N$1005,$Y56)-$B$2)&"일")) | B56: =IF($Y56="","",INDEX($N$6:$N$1005,$Y56)) | C56: =IF($Y56="","",CHOOSE(WEEKDAY(INDEX($N$6:$N$1005,$Y56)),"일","월","화","수","목","금","토")) | D56: =IF($Y56="","",INDEX($O$6:$O$1005,$Y56)) | E56: =IF($Y56="","",INDEX($P$6:$P$1005,$Y56)) | F56: =IF($Y56="","",INDEX($Q$6:$Q$1005,$Y56)) | G56: =IF($Y56="","",INDEX($R$6:$R$1005,$Y56)) | H56: =IF($Y56="","","USD") | I56: =IF($Y56="","",INDEX($S$6:$S$1005,$Y56)) | J56: =IF($Y56="","",INDEX($T$6:$T$1005,$Y56)) | K56: =IF($Y56="","",INDEX($U$6:$U$1005,$Y56)) | L56: =IF($Y56="","",IF(INDEX($S$6:$S$1005,$Y56)>=10,"★ 10백만불↑","")) | N56: =IF('(1)예금승인내역'!H682="","",'(1)예금승인내역'!H682) -> 45502 | O56: =IF('(1)예금승인내역'!G682="","",'(1)예금승인내역'!G682) -> 45470 | P56: =IF('(1)예금승인내역'!F682="","",'(1)예금승인내역'!F682) -> ㈜와이투솔루션 | Q56: =IF('(1)예금승인내역'!C682="","",'(1)예금승인내역'!C682) -> 화성금융센터 | R56: =IF('(1)예금승인내역'!K682="","",'(1)예금승인내역'!K682) -> 정기예금 | S56: =IF('(1)예금승인내역'!L682="","",'(1)예금승인내역'!L682) -> 10 | T56: =IF('(1)예금승인내역'!AG682="","",'(1)예금승인내역'!AG682) -> 0.052 | U56: =IF('(1)예금승인내역'!X682="","",'(1)예금승인내역'!X682) -> 0.002626 | V56: =IF(ISNUMBER(N56),N56-$B$2,"") -> -687 | W56: =IF(AND(ISNUMBER(N56),N56>=$B$2,N56<=$B$2+10),N56*100000+ROW(),"") | X56: =IFERROR(SMALL($W$6:$W$1005,51),"") | Y56: =IF(X56="","",MATCH(X56,$W$6:$W$1005,0))
A57: =IF($Y57="","",IF(INDEX($N$6:$N$1005,$Y57)=$B$2,"오늘","+"&(INDEX($N$6:$N$1005,$Y57)-$B$2)&"일")) | B57: =IF($Y57="","",INDEX($N$6:$N$1005,$Y57)) | C57: =IF($Y57="","",CHOOSE(WEEKDAY(INDEX($N$6:$N$1005,$Y57)),"일","월","화","수","목","금","토")) | D57: =IF($Y57="","",INDEX($O$6:$O$1005,$Y57)) | E57: =IF($Y57="","",INDEX($P$6:$P$1005,$Y57)) | F57: =IF($Y57="","",INDEX($Q$6:$Q$1005,$Y57)) | G57: =IF($Y57="","",INDEX($R$6:$R$1005,$Y57)) | H57: =IF($Y57="","","USD") | I57: =IF($Y57="","",INDEX($S$6:$S$1005,$Y57)) | J57: =IF($Y57="","",INDEX($T$6:$T$1005,$Y57)) | K57: =IF($Y57="","",INDEX($U$6:$U$1005,$Y57)) | L57: =IF($Y57="","",IF(INDEX($S$6:$S$1005,$Y57)>=10,"★ 10백만불↑","")) | N57: =IF('(1)예금승인내역'!H683="","",'(1)예금승인내역'!H683) -> 45502 | O57: =IF('(1)예금승인내역'!G683="","",'(1)예금승인내역'!G683) -> 45470 | P57: =IF('(1)예금승인내역'!F683="","",'(1)예금승인내역'!F683) -> ㈜와이투솔루션 | Q57: =IF('(1)예금승인내역'!C683="","",'(1)예금승인내역'!C683) -> 화성금융센터 | R57: =IF('(1)예금승인내역'!K683="","",'(1)예금승인내역'!K683) -> 정기예금 | S57: =IF('(1)예금승인내역'!L683="","",'(1)예금승인내역'!L683) -> 2 | T57: =IF('(1)예금승인내역'!AG683="","",'(1)예금승인내역'!AG683) -> 0.052 | U57: =IF('(1)예금승인내역'!X683="","",'(1)예금승인내역'!X683) -> 0.002626 | V57: =IF(ISNUMBER(N57),N57-$B$2,"") -> -687 | W57: =IF(AND(ISNUMBER(N57),N57>=$B$2,N57<=$B$2+10),N57*100000+ROW(),"") | X57: =IFERROR(SMALL($W$6:$W$1005,52),"") | Y57: =IF(X57="","",MATCH(X57,$W$6:$W$1005,0))
A58: =IF($Y58="","",IF(INDEX($N$6:$N$1005,$Y58)=$B$2,"오늘","+"&(INDEX($N$6:$N$1005,$Y58)-$B$2)&"일")) | B58: =IF($Y58="","",INDEX($N$6:$N$1005,$Y58)) | C58: =IF($Y58="","",CHOOSE(WEEKDAY(INDEX($N$6:$N$1005,$Y58)),"일","월","화","수","목","금","토")) | D58: =IF($Y58="","",INDEX($O$6:$O$1005,$Y58)) | E58: =IF($Y58="","",INDEX($P$6:$P$1005,$Y58)) | F58: =IF($Y58="","",INDEX($Q$6:$Q$1005,$Y58)) | G58: =IF($Y58="","",INDEX($R$6:$R$1005,$Y58)) | H58: =IF($Y58="","","USD") | I58: =IF($Y58="","",INDEX($S$6:$S$1005,$Y58)) | J58: =IF($Y58="","",INDEX($T$6:$T$1005,$Y58)) | K58: =IF($Y58="","",INDEX($U$6:$U$1005,$Y58)) | L58: =IF($Y58="","",IF(INDEX($S$6:$S$1005,$Y58)>=10,"★ 10백만불↑","")) | N58: =IF('(1)예금승인내역'!H684="","",'(1)예금승인내역'!H684) -> 45512 | O58: =IF('(1)예금승인내역'!G684="","",'(1)예금승인내역'!G684) -> 45481 | P58: =IF('(1)예금승인내역'!F684="","",'(1)예금승인내역'!F684) -> 한국비철㈜ | Q58: =IF('(1)예금승인내역'!C684="","",'(1)예금승인내역'!C684) -> 달성공단영업부 | R58: =IF('(1)예금승인내역'!K684="","",'(1)예금승인내역'!K684) -> 정기예금 | S58: =IF('(1)예금승인내역'!L684="","",'(1)예금승인내역'!L684) -> 7 | T58: =IF('(1)예금승인내역'!AG684="","",'(1)예금승인내역'!AG684) -> 0.052 | U58: =IF('(1)예금승인내역'!X684="","",'(1)예금승인내역'!X684) -> 0.002467 | V58: =IF(ISNUMBER(N58),N58-$B$2,"") -> -677 | W58: =IF(AND(ISNUMBER(N58),N58>=$B$2,N58<=$B$2+10),N58*100000+ROW(),"") | X58: =IFERROR(SMALL($W$6:$W$1005,53),"") | Y58: =IF(X58="","",MATCH(X58,$W$6:$W$1005,0))
A59: =IF($Y59="","",IF(INDEX($N$6:$N$1005,$Y59)=$B$2,"오늘","+"&(INDEX($N$6:$N$1005,$Y59)-$B$2)&"일")) | B59: =IF($Y59="","",INDEX($N$6:$N$1005,$Y59)) | C59: =IF($Y59="","",CHOOSE(WEEKDAY(INDEX($N$6:$N$1005,$Y59)),"일","월","화","수","목","금","토")) | D59: =IF($Y59="","",INDEX($O$6:$O$1005,$Y59)) | E59: =IF($Y59="","",INDEX($P$6:$P$1005,$Y59)) | F59: =IF($Y59="","",INDEX($Q$6:$Q$1005,$Y59)) | G59: =IF($Y59="","",INDEX($R$6:$R$1005,$Y59)) | H59: =IF($Y59="","","USD") | I59: =IF($Y59="","",INDEX($S$6:$S$1005,$Y59)) | J59: =IF($Y59="","",INDEX($T$6:$T$1005,$Y59)) | K59: =IF($Y59="","",INDEX($U$6:$U$1005,$Y59)) | L59: =IF($Y59="","",IF(INDEX($S$6:$S$1005,$Y59)>=10,"★ 10백만불↑","")) | N59: =IF('(1)예금승인내역'!H685="","",'(1)예금승인내역'!H685) -> 45512 | O59: =IF('(1)예금승인내역'!G685="","",'(1)예금승인내역'!G685) -> 45481 | P59: =IF('(1)예금승인내역'!F685="","",'(1)예금승인내역'!F685) -> 한국비철㈜ | Q59: =IF('(1)예금승인내역'!C685="","",'(1)예금승인내역'!C685) -> 달성공단영업부 | R59: =IF('(1)예금승인내역'!K685="","",'(1)예금승인내역'!K685) -> 정기예금 | S59: =IF('(1)예금승인내역'!L685="","",'(1)예금승인내역'!L685) -> 1 | T59: =IF('(1)예금승인내역'!AG685="","",'(1)예금승인내역'!AG685) -> 0.052 | U59: =IF('(1)예금승인내역'!X685="","",'(1)예금승인내역'!X685) -> 0.002467 | V59: =IF(ISNUMBER(N59),N59-$B$2,"") -> -677 | W59: =IF(AND(ISNUMBER(N59),N59>=$B$2,N59<=$B$2+10),N59*100000+ROW(),"") | X59: =IFERROR(SMALL($W$6:$W$1005,54),"") | Y59: =IF(X59="","",MATCH(X59,$W$6:$W$1005,0))
A60: =IF($Y60="","",IF(INDEX($N$6:$N$1005,$Y60)=$B$2,"오늘","+"&(INDEX($N$6:$N$1005,$Y60)-$B$2)&"일")) | B60: =IF($Y60="","",INDEX($N$6:$N$1005,$Y60)) | C60: =IF($Y60="","",CHOOSE(WEEKDAY(INDEX($N$6:$N$1005,$Y60)),"일","월","화","수","목","금","토")) | D60: =IF($Y60="","",INDEX($O$6:$O$1005,$Y60)) | E60: =IF($Y60="","",INDEX($P$6:$P$1005,$Y60)) | F60: =IF($Y60="","",INDEX($Q$6:$Q$1005,$Y60)) | G60: =IF($Y60="","",INDEX($R$6:$R$1005,$Y60)) | H60: =IF($Y60="","","USD") | I60: =IF($Y60="","",INDEX($S$6:$S$1005,$Y60)) | J60: =IF($Y60="","",INDEX($T$6:$T$1005,$Y60)) | K60: =IF($Y60="","",INDEX($U$6:$U$1005,$Y60)) | L60: =IF($Y60="","",IF(INDEX($S$6:$S$1005,$Y60)>=10,"★ 10백만불↑","")) | N60: =IF('(1)예금승인내역'!H686="","",'(1)예금승인내역'!H686) -> 45495 | O60: =IF('(1)예금승인내역'!G686="","",'(1)예금승인내역'!G686) -> 45483 | P60: =IF('(1)예금승인내역'!F686="","",'(1)예금승인내역'!F686) -> 한국석유공사 | Q60: =IF('(1)예금승인내역'!C686="","",'(1)예금승인내역'!C686) -> 울산영업부 | R60: =IF('(1)예금승인내역'!K686="","",'(1)예금승인내역'!K686) -> 정기예금 | S60: =IF('(1)예금승인내역'!L686="","",'(1)예금승인내역'!L686) -> 20 | T60: =IF('(1)예금승인내역'!AG686="","",'(1)예금승인내역'!AG686) -> 0.05 | U60: =IF('(1)예금승인내역'!X686="","",'(1)예금승인내역'!X686) -> 0.003126 | V60: =IF(ISNUMBER(N60),N60-$B$2,"") -> -694 | W60: =IF(AND(ISNUMBER(N60),N60>=$B$2,N60<=$B$2+10),N60*100000+ROW(),"") | X60: =IFERROR(SMALL($W$6:$W$1005,55),"") | Y60: =IF(X60="","",MATCH(X60,$W$6:$W$1005,0))
A61: =IF($Y61="","",IF(INDEX($N$6:$N$1005,$Y61)=$B$2,"오늘","+"&(INDEX($N$6:$N$1005,$Y61)-$B$2)&"일")) | B61: =IF($Y61="","",INDEX($N$6:$N$1005,$Y61)) | C61: =IF($Y61="","",CHOOSE(WEEKDAY(INDEX($N$6:$N$1005,$Y61)),"일","월","화","수","목","금","토")) | D61: =IF($Y61="","",INDEX($O$6:$O$1005,$Y61)) | E61: =IF($Y61="","",INDEX($P$6:$P$1005,$Y61)) | F61: =IF($Y61="","",INDEX($Q$6:$Q$1005,$Y61)) | G61: =IF($Y61="","",INDEX($R$6:$R$1005,$Y61)) | H61: =IF($Y61="","","USD") | I61: =IF($Y61="","",INDEX($S$6:$S$1005,$Y61)) | J61: =IF($Y61="","",INDEX($T$6:$T$1005,$Y61)) | K61: =IF($Y61="","",INDEX($U$6:$U$1005,$Y61)) | L61: =IF($Y61="","",IF(INDEX($S$6:$S$1005,$Y61)>=10,"★ 10백만불↑","")) | N61: =IF('(1)예금승인내역'!H687="","",'(1)예금승인내역'!H687) -> 45504 | O61: =IF('(1)예금승인내역'!G687="","",'(1)예금승인내역'!G687) -> 45483 | P61: =IF('(1)예금승인내역'!F687="","",'(1)예금승인내역'!F687) -> 한국석유공사 | Q61: =IF('(1)예금승인내역'!C687="","",'(1)예금승인내역'!C687) -> 울산영업부 | R61: =IF('(1)예금승인내역'!K687="","",'(1)예금승인내역'!K687) -> 정기예금 | S61: =IF('(1)예금승인내역'!L687="","",'(1)예금승인내역'!L687) -> 8 | T61: =IF('(1)예금승인내역'!AG687="","",'(1)예금승인내역'!AG687) -> 0.05 | U61: =IF('(1)예금승인내역'!X687="","",'(1)예금승인내역'!X687) -> 0.003748 | V61: =IF(ISNUMBER(N61),N61-$B$2,"") -> -685 | W61: =IF(AND(ISNUMBER(N61),N61>=$B$2,N61<=$B$2+10),N61*100000+ROW(),"") | X61: =IFERROR(SMALL($W$6:$W$1005,56),"") | Y61: =IF(X61="","",MATCH(X61,$W$6:$W$1005,0))
A62: =IF($Y62="","",IF(INDEX($N$6:$N$1005,$Y62)=$B$2,"오늘","+"&(INDEX($N$6:$N$1005,$Y62)-$B$2)&"일")) | B62: =IF($Y62="","",INDEX($N$6:$N$1005,$Y62)) | C62: =IF($Y62="","",CHOOSE(WEEKDAY(INDEX($N$6:$N$1005,$Y62)),"일","월","화","수","목","금","토")) | D62: =IF($Y62="","",INDEX($O$6:$O$1005,$Y62)) | E62: =IF($Y62="","",INDEX($P$6:$P$1005,$Y62)) | F62: =IF($Y62="","",INDEX($Q$6:$Q$1005,$Y62)) | G62: =IF($Y62="","",INDEX($R$6:$R$1005,$Y62)) | H62: =IF($Y62="","","USD") | I62: =IF($Y62="","",INDEX($S$6:$S$1005,$Y62)) | J62: =IF($Y62="","",INDEX($T$6:$T$1005,$Y62)) | K62: =IF($Y62="","",INDEX($U$6:$U$1005,$Y62)) | L62: =IF($Y62="","",IF(INDEX($S$6:$S$1005,$Y62)>=10,"★ 10백만불↑","")) | N62: =IF('(1)예금승인내역'!H688="","",'(1)예금승인내역'!H688) -> 45488 | O62: =IF('(1)예금승인내역'!G688="","",'(1)예금승인내역'!G688) -> 45457 | P62: =IF('(1)예금승인내역'!F688="","",'(1)예금승인내역'!F688) -> 오스템임플란트㈜ | Q62: =IF('(1)예금승인내역'!C688="","",'(1)예금승인내역'!C688) -> 성남금융센터 | R62: =IF('(1)예금승인내역'!K688="","",'(1)예금승인내역'!K688) -> MMDA | S62: =IF('(1)예금승인내역'!L688="","",'(1)예금승인내역'!L688) -> 2 | T62: =IF('(1)예금승인내역'!AG688="","",'(1)예금승인내역'!AG688) -> 0.0435 | U62: =IF('(1)예금승인내역'!X688="","",'(1)예금승인내역'!X688) -> 0.008861 | V62: =IF(ISNUMBER(N62),N62-$B$2,"") -> -701 | W62: =IF(AND(ISNUMBER(N62),N62>=$B$2,N62<=$B$2+10),N62*100000+ROW(),"") | X62: =IFERROR(SMALL($W$6:$W$1005,57),"") | Y62: =IF(X62="","",MATCH(X62,$W$6:$W$1005,0))
A63: =IF($Y63="","",IF(INDEX($N$6:$N$1005,$Y63)=$B$2,"오늘","+"&(INDEX($N$6:$N$1005,$Y63)-$B$2)&"일")) | B63: =IF($Y63="","",INDEX($N$6:$N$1005,$Y63)) | C63: =IF($Y63="","",CHOOSE(WEEKDAY(INDEX($N$6:$N$1005,$Y63)),"일","월","화","수","목","금","토")) | D63: =IF($Y63="","",INDEX($O$6:$O$1005,$Y63)) | E63: =IF($Y63="","",INDEX($P$6:$P$1005,$Y63)) | F63: =IF($Y63="","",INDEX($Q$6:$Q$1005,$Y63)) | G63: =IF($Y63="","",INDEX($R$6:$R$1005,$Y63)) | H63: =IF($Y63="","","USD") | I63: =IF($Y63="","",INDEX($S$6:$S$1005,$Y63)) | J63: =IF($Y63="","",INDEX($T$6:$T$1005,$Y63)) | K63: =IF($Y63="","",INDEX($U$6:$U$1005,$Y63)) | L63: =IF($Y63="","",IF(INDEX($S$6:$S$1005,$Y63)>=10,"★ 10백만불↑","")) | N63: =IF('(1)예금승인내역'!H689="","",'(1)예금승인내역'!H689) -> 45509 | O63: =IF('(1)예금승인내역'!G689="","",'(1)예금승인내역'!G689) -> 45476 | P63: =IF('(1)예금승인내역'!F689="","",'(1)예금승인내역'!F689) -> ㈜이수스페셜티케미컬 | Q63: =IF('(1)예금승인내역'!C689="","",'(1)예금승인내역'!C689) -> 성남금융센터 | R63: =IF('(1)예금승인내역'!K689="","",'(1)예금승인내역'!K689) -> MMDA | S63: =IF('(1)예금승인내역'!L689="","",'(1)예금승인내역'!L689) -> 2 | T63: =IF('(1)예금승인내역'!AG689="","",'(1)예금승인내역'!AG689) -> 0.044 | U63: =IF('(1)예금승인내역'!X689="","",'(1)예금승인내역'!X689) -> 0.008298 | V63: =IF(ISNUMBER(N63),N63-$B$2,"") -> -680 | W63: =IF(AND(ISNUMBER(N63),N63>=$B$2,N63<=$B$2+10),N63*100000+ROW(),"") | X63: =IFERROR(SMALL($W$6:$W$1005,58),"") | Y63: =IF(X63="","",MATCH(X63,$W$6:$W$1005,0))
A64: =IF($Y64="","",IF(INDEX($N$6:$N$1005,$Y64)=$B$2,"오늘","+"&(INDEX($N$6:$N$1005,$Y64)-$B$2)&"일")) | B64: =IF($Y64="","",INDEX($N$6:$N$1005,$Y64)) | C64: =IF($Y64="","",CHOOSE(WEEKDAY(INDEX($N$6:$N$1005,$Y64)),"일","월","화","수","목","금","토")) | D64: =IF($Y64="","",INDEX($O$6:$O$1005,$Y64)) | E64: =IF($Y64="","",INDEX($P$6:$P$1005,$Y64)) | F64: =IF($Y64="","",INDEX($Q$6:$Q$1005,$Y64)) | G64: =IF($Y64="","",INDEX($R$6:$R$1005,$Y64)) | H64: =IF($Y64="","","USD") | I64: =IF($Y64="","",INDEX($S$6:$S$1005,$Y64)) | J64: =IF($Y64="","",INDEX($T$6:$T$1005,$Y64)) | K64: =IF($Y64="","",INDEX($U$6:$U$1005,$Y64)) | L64: =IF($Y64="","",IF(INDEX($S$6:$S$1005,$Y64)>=10,"★ 10백만불↑","")) | N64: =IF('(1)예금승인내역'!H690="","",'(1)예금승인내역'!H690) -> 45520 | O64: =IF('(1)예금승인내역'!G690="","",'(1)예금승인내역'!G690) -> 45488 | P64: =IF('(1)예금승인내역'!F690="","",'(1)예금승인내역'!F690) -> 오스템임플란트㈜ | Q64: =IF('(1)예금승인내역'!C690="","",'(1)예금승인내역'!C690) -> 성남금융센터 | R64: =IF('(1)예금승인내역'!K690="","",'(1)예금승인내역'!K690) -> MMDA | S64: =IF('(1)예금승인내역'!L690="","",'(1)예금승인내역'!L690) -> 2 | T64: =IF('(1)예금승인내역'!AG690="","",'(1)예금승인내역'!AG690) -> 0.0435 | U64: =IF('(1)예금승인내역'!X690="","",'(1)예금승인내역'!X690) -> 0.008639 | V64: =IF(ISNUMBER(N64),N64-$B$2,"") -> -669 | W64: =IF(AND(ISNUMBER(N64),N64>=$B$2,N64<=$B$2+10),N64*100000+ROW(),"") | X64: =IFERROR(SMALL($W$6:$W$1005,59),"") | Y64: =IF(X64="","",MATCH(X64,$W$6:$W$1005,0))
A65: =IF($Y65="","",IF(INDEX($N$6:$N$1005,$Y65)=$B$2,"오늘","+"&(INDEX($N$6:$N$1005,$Y65)-$B$2)&"일")) | B65: =IF($Y65="","",INDEX($N$6:$N$1005,$Y65)) | C65: =IF($Y65="","",CHOOSE(WEEKDAY(INDEX($N$6:$N$1005,$Y65)),"일","월","화","수","목","금","토")) | D65: =IF($Y65="","",INDEX($O$6:$O$1005,$Y65)) | E65: =IF($Y65="","",INDEX($P$6:$P$1005,$Y65)) | F65: =IF($Y65="","",INDEX($Q$6:$Q$1005,$Y65)) | G65: =IF($Y65="","",INDEX($R$6:$R$1005,$Y65)) | H65: =IF($Y65="","","USD") | I65: =IF($Y65="","",INDEX($S$6:$S$1005,$Y65)) | J65: =IF($Y65="","",INDEX($T$6:$T$1005,$Y65)) | K65: =IF($Y65="","",INDEX($U$6:$U$1005,$Y65)) | L65: =IF($Y65="","",IF(INDEX($S$6:$S$1005,$Y65)>=10,"★ 10백만불↑","")) | N65: =IF('(1)예금승인내역'!H691="","",'(1)예금승인내역'!H691) -> 45530 | O65: =IF('(1)예금승인내역'!G691="","",'(1)예금승인내역'!G691) -> 45492 | P65: =IF('(1)예금승인내역'!F691="","",'(1)예금승인내역'!F691) -> 에스엠상선㈜ | Q65: =IF('(1)예금승인내역'!C691="","",'(1)예금승인내역'!C691) -> 강남영업부 | R65: =IF('(1)예금승인내역'!K691="","",'(1)예금승인내역'!K691) -> 정기예금 | S65: =IF('(1)예금승인내역'!L691="","",'(1)예금승인내역'!L691) -> 10 | T65: =IF('(1)예금승인내역'!AG691="","",'(1)예금승인내역'!AG691) -> 0.0522 | U65: =IF('(1)예금승인내역'!X691="","",'(1)예금승인내역'!X691) -> 0.002452 | V65: =IF(ISNUMBER(N65),N65-$B$2,"") -> -659 | W65: =IF(AND(ISNUMBER(N65),N65>=$B$2,N65<=$B$2+10),N65*100000+ROW(),"") | X65: =IFERROR(SMALL($W$6:$W$1005,60),"") | Y65: =IF(X65="","",MATCH(X65,$W$6:$W$1005,0))
A66: =IF($Y66="","",IF(INDEX($N$6:$N$1005,$Y66)=$B$2,"오늘","+"&(INDEX($N$6:$N$1005,$Y66)-$B$2)&"일")) | B66: =IF($Y66="","",INDEX($N$6:$N$1005,$Y66)) | C66: =IF($Y66="","",CHOOSE(WEEKDAY(INDEX($N$6:$N$1005,$Y66)),"일","월","화","수","목","금","토")) | D66: =IF($Y66="","",INDEX($O$6:$O$1005,$Y66)) | E66: =IF($Y66="","",INDEX($P$6:$P$1005,$Y66)) | F66: =IF($Y66="","",INDEX($Q$6:$Q$1005,$Y66)) | G66: =IF($Y66="","",INDEX($R$6:$R$1005,$Y66)) | H66: =IF($Y66="","","USD") | I66: =IF($Y66="","",INDEX($S$6:$S$1005,$Y66)) | J66: =IF($Y66="","",INDEX($T$6:$T$1005,$Y66)) | K66: =IF($Y66="","",INDEX($U$6:$U$1005,$Y66)) | L66: =IF($Y66="","",IF(INDEX($S$6:$S$1005,$Y66)>=10,"★ 10백만불↑","")) | N66: =IF('(1)예금승인내역'!H692="","",'(1)예금승인내역'!H692) -> 45532 | O66: =IF('(1)예금승인내역'!G692="","",'(1)예금승인내역'!G692) -> 45495 | P66: =IF('(1)예금승인내역'!F692="","",'(1)예금승인내역'!F692) -> 에스엠상선㈜ | Q66: =IF('(1)예금승인내역'!C692="","",'(1)예금승인내역'!C692) -> 강남영업부 | R66: =IF('(1)예금승인내역'!K692="","",'(1)예금승인내역'!K692) -> 정기예금 | S66: =IF('(1)예금승인내역'!L692="","",'(1)예금승인내역'!L692) -> 10 | T66: =IF('(1)예금승인내역'!AG692="","",'(1)예금승인내역'!AG692) -> 0.0517 | U66: =IF('(1)예금승인내역'!X692="","",'(1)예금승인내역'!X692) -> 0.002974 | V66: =IF(ISNUMBER(N66),N66-$B$2,"") -> -657 | W66: =IF(AND(ISNUMBER(N66),N66>=$B$2,N66<=$B$2+10),N66*100000+ROW(),"") | X66: =IFERROR(SMALL($W$6:$W$1005,61),"") | Y66: =IF(X66="","",MATCH(X66,$W$6:$W$1005,0))
A67: =IF($Y67="","",IF(INDEX($N$6:$N$1005,$Y67)=$B$2,"오늘","+"&(INDEX($N$6:$N$1005,$Y67)-$B$2)&"일")) | B67: =IF($Y67="","",INDEX($N$6:$N$1005,$Y67)) | C67: =IF($Y67="","",CHOOSE(WEEKDAY(INDEX($N$6:$N$1005,$Y67)),"일","월","화","수","목","금","토")) | D67: =IF($Y67="","",INDEX($O$6:$O$1005,$Y67)) | E67: =IF($Y67="","",INDEX($P$6:$P$1005,$Y67)) | F67: =IF($Y67="","",INDEX($Q$6:$Q$1005,$Y67)) | G67: =IF($Y67="","",INDEX($R$6:$R$1005,$Y67)) | H67: =IF($Y67="","","USD") | I67: =IF($Y67="","",INDEX($S$6:$S$1005,$Y67)) | J67: =IF($Y67="","",INDEX($T$6:$T$1005,$Y67)) | K67: =IF($Y67="","",INDEX($U$6:$U$1005,$Y67)) | L67: =IF($Y67="","",IF(INDEX($S$6:$S$1005,$Y67)>=10,"★ 10백만불↑","")) | N67: =IF('(1)예금승인내역'!H693="","",'(1)예금승인내역'!H693) -> 45526 | O67: =IF('(1)예금승인내역'!G693="","",'(1)예금승인내역'!G693) -> 45495 | P67: =IF('(1)예금승인내역'!F693="","",'(1)예금승인내역'!F693) -> ㈜와이투솔루션 | Q67: =IF('(1)예금승인내역'!C693="","",'(1)예금승인내역'!C693) -> 화성금융센터 | R67: =IF('(1)예금승인내역'!K693="","",'(1)예금승인내역'!K693) -> MMDA | S67: =IF('(1)예금승인내역'!L693="","",'(1)예금승인내역'!L693) -> 4 | T67: =IF('(1)예금승인내역'!AG693="","",'(1)예금승인내역'!AG693) -> 0.0435 | U67: =IF('(1)예금승인내역'!X693="","",'(1)예금승인내역'!X693) -> 0.008621 | V67: =IF(ISNUMBER(N67),N67-$B$2,"") -> -663 | W67: =IF(AND(ISNUMBER(N67),N67>=$B$2,N67<=$B$2+10),N67*100000+ROW(),"") | X67: =IFERROR(SMALL($W$6:$W$1005,62),"") | Y67: =IF(X67="","",MATCH(X67,$W$6:$W$1005,0))
A68: =IF($Y68="","",IF(INDEX($N$6:$N$1005,$Y68)=$B$2,"오늘","+"&(INDEX($N$6:$N$1005,$Y68)-$B$2)&"일")) | B68: =IF($Y68="","",INDEX($N$6:$N$1005,$Y68)) | C68: =IF($Y68="","",CHOOSE(WEEKDAY(INDEX($N$6:$N$1005,$Y68)),"일","월","화","수","목","금","토")) | D68: =IF($Y68="","",INDEX($O$6:$O$1005,$Y68)) | E68: =IF($Y68="","",INDEX($P$6:$P$1005,$Y68)) | F68: =IF($Y68="","",INDEX($Q$6:$Q$1005,$Y68)) | G68: =IF($Y68="","",INDEX($R$6:$R$1005,$Y68)) | H68: =IF($Y68="","","USD") | I68: =IF($Y68="","",INDEX($S$6:$S$1005,$Y68)) | J68: =IF($Y68="","",INDEX($T$6:$T$1005,$Y68)) | K68: =IF($Y68="","",INDEX($U$6:$U$1005,$Y68)) | L68: =IF($Y68="","",IF(INDEX($S$6:$S$1005,$Y68)>=10,"★ 10백만불↑","")) | N68: =IF('(1)예금승인내역'!H694="","",'(1)예금승인내역'!H694) -> 45688 | O68: =IF('(1)예금승인내역'!G694="","",'(1)예금승인내역'!G694) -> 45502 | P68: =IF('(1)예금승인내역'!F694="","",'(1)예금승인내역'!F694) -> ㈜와이투솔루션 | Q68: =IF('(1)예금승인내역'!C694="","",'(1)예금승인내역'!C694) -> 화성금융센터 | R68: =IF('(1)예금승인내역'!K694="","",'(1)예금승인내역'!K694) -> 정기예금 | S68: =IF('(1)예금승인내역'!L694="","",'(1)예금승인내역'!L694) -> 5 | T68: =IF('(1)예금승인내역'!AG694="","",'(1)예금승인내역'!AG694) -> 0.05 | U68: =IF('(1)예금승인내역'!X694="","",'(1)예금승인내역'!X694) -> 0.004226 | V68: =IF(ISNUMBER(N68),N68-$B$2,"") -> -501 | W68: =IF(AND(ISNUMBER(N68),N68>=$B$2,N68<=$B$2+10),N68*100000+ROW(),"") | X68: =IFERROR(SMALL($W$6:$W$1005,63),"") | Y68: =IF(X68="","",MATCH(X68,$W$6:$W$1005,0))
A69: =IF($Y69="","",IF(INDEX($N$6:$N$1005,$Y69)=$B$2,"오늘","+"&(INDEX($N$6:$N$1005,$Y69)-$B$2)&"일")) | B69: =IF($Y69="","",INDEX($N$6:$N$1005,$Y69)) | C69: =IF($Y69="","",CHOOSE(WEEKDAY(INDEX($N$6:$N$1005,$Y69)),"일","월","화","수","목","금","토")) | D69: =IF($Y69="","",INDEX($O$6:$O$1005,$Y69)) | E69: =IF($Y69="","",INDEX($P$6:$P$1005,$Y69)) | F69: =IF($Y69="","",INDEX($Q$6:$Q$1005,$Y69)) | G69: =IF($Y69="","",INDEX($R$6:$R$1005,$Y69)) | H69: =IF($Y69="","","USD") | I69: =IF($Y69="","",INDEX($S$6:$S$1005,$Y69)) | J69: =IF($Y69="","",INDEX($T$6:$T$1005,$Y69)) | K69: =IF($Y69="","",INDEX($U$6:$U$1005,$Y69)) | L69: =IF($Y69="","",IF(INDEX($S$6:$S$1005,$Y69)>=10,"★ 10백만불↑","")) | N69: =IF('(1)예금승인내역'!H695="","",'(1)예금승인내역'!H695) -> 45688 | O69: =IF('(1)예금승인내역'!G695="","",'(1)예금승인내역'!G695) -> 45502 | P69: =IF('(1)예금승인내역'!F695="","",'(1)예금승인내역'!F695) -> ㈜와이투솔루션 | Q69: =IF('(1)예금승인내역'!C695="","",'(1)예금승인내역'!C695) -> 화성금융센터 | R69: =IF('(1)예금승인내역'!K695="","",'(1)예금승인내역'!K695) -> 정기예금 | S69: =IF('(1)예금승인내역'!L695="","",'(1)예금승인내역'!L695) -> 3 | T69: =IF('(1)예금승인내역'!AG695="","",'(1)예금승인내역'!AG695) -> 0.05 | U69: =IF('(1)예금승인내역'!X695="","",'(1)예금승인내역'!X695) -> 0.004226 | V69: =IF(ISNUMBER(N69),N69-$B$2,"") -> -501 | W69: =IF(AND(ISNUMBER(N69),N69>=$B$2,N69<=$B$2+10),N69*100000+ROW(),"") | X69: =IFERROR(SMALL($W$6:$W$1005,64),"") | Y69: =IF(X69="","",MATCH(X69,$W$6:$W$1005,0))
A70: =IF($Y70="","",IF(INDEX($N$6:$N$1005,$Y70)=$B$2,"오늘","+"&(INDEX($N$6:$N$1005,$Y70)-$B$2)&"일")) | B70: =IF($Y70="","",INDEX($N$6:$N$1005,$Y70)) | C70: =IF($Y70="","",CHOOSE(WEEKDAY(INDEX($N$6:$N$1005,$Y70)),"일","월","화","수","목","금","토")) | D70: =IF($Y70="","",INDEX($O$6:$O$1005,$Y70)) | E70: =IF($Y70="","",INDEX($P$6:$P$1005,$Y70)) | F70: =IF($Y70="","",INDEX($Q$6:$Q$1005,$Y70)) | G70: =IF($Y70="","",INDEX($R$6:$R$1005,$Y70)) | H70: =IF($Y70="","","USD") | I70: =IF($Y70="","",INDEX($S$6:$S$1005,$Y70)) | J70: =IF($Y70="","",INDEX($T$6:$T$1005,$Y70)) | K70: =IF($Y70="","",INDEX($U$6:$U$1005,$Y70)) | L70: =IF($Y70="","",IF(INDEX($S$6:$S$1005,$Y70)>=10,"★ 10백만불↑","")) | N70: =IF('(1)예금승인내역'!H696="","",'(1)예금승인내역'!H696) -> 45688 | O70: =IF('(1)예금승인내역'!G696="","",'(1)예금승인내역'!G696) -> 45502 | P70: =IF('(1)예금승인내역'!F696="","",'(1)예금승인내역'!F696) -> ㈜와이투솔루션 | Q70: =IF('(1)예금승인내역'!C696="","",'(1)예금승인내역'!C696) -> 화성금융센터 | R70: =IF('(1)예금승인내역'!K696="","",'(1)예금승인내역'!K696) -> 정기예금 | S70: =IF('(1)예금승인내역'!L696="","",'(1)예금승인내역'!L696) -> 1 | T70: =IF('(1)예금승인내역'!AG696="","",'(1)예금승인내역'!AG696) -> 0.05 | U70: =IF('(1)예금승인내역'!X696="","",'(1)예금승인내역'!X696) -> 0.004226 | V70: =IF(ISNUMBER(N70),N70-$B$2,"") -> -501 | W70: =IF(AND(ISNUMBER(N70),N70>=$B$2,N70<=$B$2+10),N70*100000+ROW(),"") | X70: =IFERROR(SMALL($W$6:$W$1005,65),"") | Y70: =IF(X70="","",MATCH(X70,$W$6:$W$1005,0))
A71: =IF($Y71="","",IF(INDEX($N$6:$N$1005,$Y71)=$B$2,"오늘","+"&(INDEX($N$6:$N$1005,$Y71)-$B$2)&"일")) | B71: =IF($Y71="","",INDEX($N$6:$N$1005,$Y71)) | C71: =IF($Y71="","",CHOOSE(WEEKDAY(INDEX($N$6:$N$1005,$Y71)),"일","월","화","수","목","금","토")) | D71: =IF($Y71="","",INDEX($O$6:$O$1005,$Y71)) | E71: =IF($Y71="","",INDEX($P$6:$P$1005,$Y71)) | F71: =IF($Y71="","",INDEX($Q$6:$Q$1005,$Y71)) | G71: =IF($Y71="","",INDEX($R$6:$R$1005,$Y71)) | H71: =IF($Y71="","","USD") | I71: =IF($Y71="","",INDEX($S$6:$S$1005,$Y71)) | J71: =IF($Y71="","",INDEX($T$6:$T$1005,$Y71)) | K71: =IF($Y71="","",INDEX($U$6:$U$1005,$Y71)) | L71: =IF($Y71="","",IF(INDEX($S$6:$S$1005,$Y71)>=10,"★ 10백만불↑","")) | N71: =IF('(1)예금승인내역'!H697="","",'(1)예금승인내역'!H697) -> 45688 | O71: =IF('(1)예금승인내역'!G697="","",'(1)예금승인내역'!G697) -> 45502 | P71: =IF('(1)예금승인내역'!F697="","",'(1)예금승인내역'!F697) -> ㈜와이투솔루션 | Q71: =IF('(1)예금승인내역'!C697="","",'(1)예금승인내역'!C697) -> 화성금융센터 | R71: =IF('(1)예금승인내역'!K697="","",'(1)예금승인내역'!K697) -> 정기예금 | S71: =IF('(1)예금승인내역'!L697="","",'(1)예금승인내역'!L697) -> 1 | T71: =IF('(1)예금승인내역'!AG697="","",'(1)예금승인내역'!AG697) -> 0.05 | U71: =IF('(1)예금승인내역'!X697="","",'(1)예금승인내역'!X697) -> 0.004226 | V71: =IF(ISNUMBER(N71),N71-$B$2,"") -> -501 | W71: =IF(AND(ISNUMBER(N71),N71>=$B$2,N71<=$B$2+10),N71*100000+ROW(),"") | X71: =IFERROR(SMALL($W$6:$W$1005,66),"") | Y71: =IF(X71="","",MATCH(X71,$W$6:$W$1005,0))
A72: =IF($Y72="","",IF(INDEX($N$6:$N$1005,$Y72)=$B$2,"오늘","+"&(INDEX($N$6:$N$1005,$Y72)-$B$2)&"일")) | B72: =IF($Y72="","",INDEX($N$6:$N$1005,$Y72)) | C72: =IF($Y72="","",CHOOSE(WEEKDAY(INDEX($N$6:$N$1005,$Y72)),"일","월","화","수","목","금","토")) | D72: =IF($Y72="","",INDEX($O$6:$O$1005,$Y72)) | E72: =IF($Y72="","",INDEX($P$6:$P$1005,$Y72)) | F72: =IF($Y72="","",INDEX($Q$6:$Q$1005,$Y72)) | G72: =IF($Y72="","",INDEX($R$6:$R$1005,$Y72)) | H72: =IF($Y72="","","USD") | I72: =IF($Y72="","",INDEX($S$6:$S$1005,$Y72)) | J72: =IF($Y72="","",INDEX($T$6:$T$1005,$Y72)) | K72: =IF($Y72="","",INDEX($U$6:$U$1005,$Y72)) | L72: =IF($Y72="","",IF(INDEX($S$6:$S$1005,$Y72)>=10,"★ 10백만불↑","")) | N72: =IF('(1)예금승인내역'!H698="","",'(1)예금승인내역'!H698) -> 45538 | O72: =IF('(1)예금승인내역'!G698="","",'(1)예금승인내역'!G698) -> 45503 | P72: =IF('(1)예금승인내역'!F698="","",'(1)예금승인내역'!F698) -> 에스엠상선㈜ | Q72: =IF('(1)예금승인내역'!C698="","",'(1)예금승인내역'!C698) -> 강남영업부 | R72: =IF('(1)예금승인내역'!K698="","",'(1)예금승인내역'!K698) -> 정기예금 | S72: =IF('(1)예금승인내역'!L698="","",'(1)예금승인내역'!L698) -> 10 | T72: =IF('(1)예금승인내역'!AG698="","",'(1)예금승인내역'!AG698) -> 0.05 | U72: =IF('(1)예금승인내역'!X698="","",'(1)예금승인내역'!X698) -> 0.004603 | V72: =IF(ISNUMBER(N72),N72-$B$2,"") -> -651 | W72: =IF(AND(ISNUMBER(N72),N72>=$B$2,N72<=$B$2+10),N72*100000+ROW(),"") | X72: =IFERROR(SMALL($W$6:$W$1005,67),"") | Y72: =IF(X72="","",MATCH(X72,$W$6:$W$1005,0))
A73: =IF($Y73="","",IF(INDEX($N$6:$N$1005,$Y73)=$B$2,"오늘","+"&(INDEX($N$6:$N$1005,$Y73)-$B$2)&"일")) | B73: =IF($Y73="","",INDEX($N$6:$N$1005,$Y73)) | C73: =IF($Y73="","",CHOOSE(WEEKDAY(INDEX($N$6:$N$1005,$Y73)),"일","월","화","수","목","금","토")) | D73: =IF($Y73="","",INDEX($O$6:$O$1005,$Y73)) | E73: =IF($Y73="","",INDEX($P$6:$P$1005,$Y73)) | F73: =IF($Y73="","",INDEX($Q$6:$Q$1005,$Y73)) | G73: =IF($Y73="","",INDEX($R$6:$R$1005,$Y73)) | H73: =IF($Y73="","","USD") | I73: =IF($Y73="","",INDEX($S$6:$S$1005,$Y73)) | J73: =IF($Y73="","",INDEX($T$6:$T$1005,$Y73)) | K73: =IF($Y73="","",INDEX($U$6:$U$1005,$Y73)) | L73: =IF($Y73="","",IF(INDEX($S$6:$S$1005,$Y73)>=10,"★ 10백만불↑","")) | N73: =IF('(1)예금승인내역'!H699="","",'(1)예금승인내역'!H699) -> 45512 | O73: =IF('(1)예금승인내역'!G699="","",'(1)예금승인내역'!G699) -> 45505 | P73: =IF('(1)예금승인내역'!F699="","",'(1)예금승인내역'!F699) -> 한국석유공사 | Q73: =IF('(1)예금승인내역'!C699="","",'(1)예금승인내역'!C699) -> 울산영업부 | R73: =IF('(1)예금승인내역'!K699="","",'(1)예금승인내역'!K699) -> 정기예금 | S73: =IF('(1)예금승인내역'!L699="","",'(1)예금승인내역'!L699) -> 19 | T73: =IF('(1)예금승인내역'!AG699="","",'(1)예금승인내역'!AG699) -> 0.05 | U73: =IF('(1)예금승인내역'!X699="","",'(1)예금승인내역'!X699) -> 0.002891 | V73: =IF(ISNUMBER(N73),N73-$B$2,"") -> -677 | W73: =IF(AND(ISNUMBER(N73),N73>=$B$2,N73<=$B$2+10),N73*100000+ROW(),"") | X73: =IFERROR(SMALL($W$6:$W$1005,68),"") | Y73: =IF(X73="","",MATCH(X73,$W$6:$W$1005,0))
A74: =IF($Y74="","",IF(INDEX($N$6:$N$1005,$Y74)=$B$2,"오늘","+"&(INDEX($N$6:$N$1005,$Y74)-$B$2)&"일")) | B74: =IF($Y74="","",INDEX($N$6:$N$1005,$Y74)) | C74: =IF($Y74="","",CHOOSE(WEEKDAY(INDEX($N$6:$N$1005,$Y74)),"일","월","화","수","목","금","토")) | D74: =IF($Y74="","",INDEX($O$6:$O$1005,$Y74)) | E74: =IF($Y74="","",INDEX($P$6:$P$1005,$Y74)) | F74: =IF($Y74="","",INDEX($Q$6:$Q$1005,$Y74)) | G74: =IF($Y74="","",INDEX($R$6:$R$1005,$Y74)) | H74: =IF($Y74="","","USD") | I74: =IF($Y74="","",INDEX($S$6:$S$1005,$Y74)) | J74: =IF($Y74="","",INDEX($T$6:$T$1005,$Y74)) | K74: =IF($Y74="","",INDEX($U$6:$U$1005,$Y74)) | L74: =IF($Y74="","",IF(INDEX($S$6:$S$1005,$Y74)>=10,"★ 10백만불↑","")) | N74: =IF('(1)예금승인내역'!H700="","",'(1)예금승인내역'!H700) -> 45540 | O74: =IF('(1)예금승인내역'!G700="","",'(1)예금승인내역'!G700) -> 45509 | P74: =IF('(1)예금승인내역'!F700="","",'(1)예금승인내역'!F700) -> ㈜이수스페셜티케미컬 | Q74: =IF('(1)예금승인내역'!C700="","",'(1)예금승인내역'!C700) -> 성남금융센터 | R74: =IF('(1)예금승인내역'!K700="","",'(1)예금승인내역'!K700) -> MMDA | S74: =IF('(1)예금승인내역'!L700="","",'(1)예금승인내역'!L700) -> 2 | T74: =IF('(1)예금승인내역'!AG700="","",'(1)예금승인내역'!AG700) -> 0.044 | U74: =IF('(1)예금승인내역'!X700="","",'(1)예금승인내역'!X700) -> 0.008956 | V74: =IF(ISNUMBER(N74),N74-$B$2,"") -> -649 | W74: =IF(AND(ISNUMBER(N74),N74>=$B$2,N74<=$B$2+10),N74*100000+ROW(),"") | X74: =IFERROR(SMALL($W$6:$W$1005,69),"") | Y74: =IF(X74="","",MATCH(X74,$W$6:$W$1005,0))
A75: =IF($Y75="","",IF(INDEX($N$6:$N$1005,$Y75)=$B$2,"오늘","+"&(INDEX($N$6:$N$1005,$Y75)-$B$2)&"일")) | B75: =IF($Y75="","",INDEX($N$6:$N$1005,$Y75)) | C75: =IF($Y75="","",CHOOSE(WEEKDAY(INDEX($N$6:$N$1005,$Y75)),"일","월","화","수","목","금","토")) | D75: =IF($Y75="","",INDEX($O$6:$O$1005,$Y75)) | E75: =IF($Y75="","",INDEX($P$6:$P$1005,$Y75)) | F75: =IF($Y75="","",INDEX($Q$6:$Q$1005,$Y75)) | G75: =IF($Y75="","",INDEX($R$6:$R$1005,$Y75)) | H75: =IF($Y75="","","USD") | I75: =IF($Y75="","",INDEX($S$6:$S$1005,$Y75)) | J75: =IF($Y75="","",INDEX($T$6:$T$1005,$Y75)) | K75: =IF($Y75="","",INDEX($U$6:$U$1005,$Y75)) | L75: =IF($Y75="","",IF(INDEX($S$6:$S$1005,$Y75)>=10,"★ 10백만불↑","")) | N75: =IF('(1)예금승인내역'!H701="","",'(1)예금승인내역'!H701) -> 45543 | O75: =IF('(1)예금승인내역'!G701="","",'(1)예금승인내역'!G701) -> 45512 | P75: =IF('(1)예금승인내역'!F701="","",'(1)예금승인내역'!F701) -> 한국비철㈜ | Q75: =IF('(1)예금승인내역'!C701="","",'(1)예금승인내역'!C701) -> 달성공단영업부 | R75: =IF('(1)예금승인내역'!K701="","",'(1)예금승인내역'!K701) -> 정기예금 | S75: =IF('(1)예금승인내역'!L701="","",'(1)예금승인내역'!L701) -> 7 | T75: =IF('(1)예금승인내역'!AG701="","",'(1)예금승인내역'!AG701) -> 0.051 | U75: =IF('(1)예금승인내역'!X701="","",'(1)예금승인내역'!X701) -> 0.003029 | V75: =IF(ISNUMBER(N75),N75-$B$2,"") -> -646 | W75: =IF(AND(ISNUMBER(N75),N75>=$B$2,N75<=$B$2+10),N75*100000+ROW(),"") | X75: =IFERROR(SMALL($W$6:$W$1005,70),"") | Y75: =IF(X75="","",MATCH(X75,$W$6:$W$1005,0))
A76: =IF($Y76="","",IF(INDEX($N$6:$N$1005,$Y76)=$B$2,"오늘","+"&(INDEX($N$6:$N$1005,$Y76)-$B$2)&"일")) | B76: =IF($Y76="","",INDEX($N$6:$N$1005,$Y76)) | C76: =IF($Y76="","",CHOOSE(WEEKDAY(INDEX($N$6:$N$1005,$Y76)),"일","월","화","수","목","금","토")) | D76: =IF($Y76="","",INDEX($O$6:$O$1005,$Y76)) | E76: =IF($Y76="","",INDEX($P$6:$P$1005,$Y76)) | F76: =IF($Y76="","",INDEX($Q$6:$Q$1005,$Y76)) | G76: =IF($Y76="","",INDEX($R$6:$R$1005,$Y76)) | H76: =IF($Y76="","","USD") | I76: =IF($Y76="","",INDEX($S$6:$S$1005,$Y76)) | J76: =IF($Y76="","",INDEX($T$6:$T$1005,$Y76)) | K76: =IF($Y76="","",INDEX($U$6:$U$1005,$Y76)) | L76: =IF($Y76="","",IF(INDEX($S$6:$S$1005,$Y76)>=10,"★ 10백만불↑","")) | N76: =IF('(1)예금승인내역'!H702="","",'(1)예금승인내역'!H702) -> 45543 | O76: =IF('(1)예금승인내역'!G702="","",'(1)예금승인내역'!G702) -> 45512 | P76: =IF('(1)예금승인내역'!F702="","",'(1)예금승인내역'!F702) -> 한국비철㈜ | Q76: =IF('(1)예금승인내역'!C702="","",'(1)예금승인내역'!C702) -> 달성공단영업부 | R76: =IF('(1)예금승인내역'!K702="","",'(1)예금승인내역'!K702) -> 정기예금 | S76: =IF('(1)예금승인내역'!L702="","",'(1)예금승인내역'!L702) -> 1 | T76: =IF('(1)예금승인내역'!AG702="","",'(1)예금승인내역'!AG702) -> 0.051 | U76: =IF('(1)예금승인내역'!X702="","",'(1)예금승인내역'!X702) -> 0.003029 | V76: =IF(ISNUMBER(N76),N76-$B$2,"") -> -646 | W76: =IF(AND(ISNUMBER(N76),N76>=$B$2,N76<=$B$2+10),N76*100000+ROW(),"") | X76: =IFERROR(SMALL($W$6:$W$1005,71),"") | Y76: =IF(X76="","",MATCH(X76,$W$6:$W$1005,0))
A77: =IF($Y77="","",IF(INDEX($N$6:$N$1005,$Y77)=$B$2,"오늘","+"&(INDEX($N$6:$N$1005,$Y77)-$B$2)&"일")) | B77: =IF($Y77="","",INDEX($N$6:$N$1005,$Y77)) | C77: =IF($Y77="","",CHOOSE(WEEKDAY(INDEX($N$6:$N$1005,$Y77)),"일","월","화","수","목","금","토")) | D77: =IF($Y77="","",INDEX($O$6:$O$1005,$Y77)) | E77: =IF($Y77="","",INDEX($P$6:$P$1005,$Y77)) | F77: =IF($Y77="","",INDEX($Q$6:$Q$1005,$Y77)) | G77: =IF($Y77="","",INDEX($R$6:$R$1005,$Y77)) | H77: =IF($Y77="","","USD") | I77: =IF($Y77="","",INDEX($S$6:$S$1005,$Y77)) | J77: =IF($Y77="","",INDEX($T$6:$T$1005,$Y77)) | K77: =IF($Y77="","",INDEX($U$6:$U$1005,$Y77)) | L77: =IF($Y77="","",IF(INDEX($S$6:$S$1005,$Y77)>=10,"★ 10백만불↑","")) | N77: =IF('(1)예금승인내역'!H703="","",'(1)예금승인내역'!H703) -> 45538 | O77: =IF('(1)예금승인내역'!G703="","",'(1)예금승인내역'!G703) -> 45513 | P77: =IF('(1)예금승인내역'!F703="","",'(1)예금승인내역'!F703) -> 한국석유공사 | Q77: =IF('(1)예금승인내역'!C703="","",'(1)예금승인내역'!C703) -> 울산영업부 | R77: =IF('(1)예금승인내역'!K703="","",'(1)예금승인내역'!K703) -> 정기예금 | S77: =IF('(1)예금승인내역'!L703="","",'(1)예금승인내역'!L703) -> 25 | T77: =IF('(1)예금승인내역'!AG703="","",'(1)예금승인내역'!AG703) -> 0.05 | U77: =IF('(1)예금승인내역'!X703="","",'(1)예금승인내역'!X703) -> 0.004031 | V77: =IF(ISNUMBER(N77),N77-$B$2,"") -> -651 | W77: =IF(AND(ISNUMBER(N77),N77>=$B$2,N77<=$B$2+10),N77*100000+ROW(),"") | X77: =IFERROR(SMALL($W$6:$W$1005,72),"") | Y77: =IF(X77="","",MATCH(X77,$W$6:$W$1005,0))
A78: =IF($Y78="","",IF(INDEX($N$6:$N$1005,$Y78)=$B$2,"오늘","+"&(INDEX($N$6:$N$1005,$Y78)-$B$2)&"일")) | B78: =IF($Y78="","",INDEX($N$6:$N$1005,$Y78)) | C78: =IF($Y78="","",CHOOSE(WEEKDAY(INDEX($N$6:$N$1005,$Y78)),"일","월","화","수","목","금","토")) | D78: =IF($Y78="","",INDEX($O$6:$O$1005,$Y78)) | E78: =IF($Y78="","",INDEX($P$6:$P$1005,$Y78)) | F78: =IF($Y78="","",INDEX($Q$6:$Q$1005,$Y78)) | G78: =IF($Y78="","",INDEX($R$6:$R$1005,$Y78)) | H78: =IF($Y78="","","USD") | I78: =IF($Y78="","",INDEX($S$6:$S$1005,$Y78)) | J78: =IF($Y78="","",INDEX($T$6:$T$1005,$Y78)) | K78: =IF($Y78="","",INDEX($U$6:$U$1005,$Y78)) | L78: =IF($Y78="","",IF(INDEX($S$6:$S$1005,$Y78)>=10,"★ 10백만불↑","")) | N78: =IF('(1)예금승인내역'!H704="","",'(1)예금승인내역'!H704) -> 45609 | O78: =IF('(1)예금승인내역'!G704="","",'(1)예금승인내역'!G704) -> 45517 | P78: =IF('(1)예금승인내역'!F704="","",'(1)예금승인내역'!F704) -> ㈜에스앤에스텍 | Q78: =IF('(1)예금승인내역'!C704="","",'(1)예금승인내역'!C704) -> 성서3단지영업부 | R78: =IF('(1)예금승인내역'!K704="","",'(1)예금승인내역'!K704) -> 정기예금 | S78: =IF('(1)예금승인내역'!L704="","",'(1)예금승인내역'!L704) -> 2 | T78: =IF('(1)예금승인내역'!AG704="","",'(1)예금승인내역'!AG704) -> 0.0505 | U78: =IF('(1)예금승인내역'!X704="","",'(1)예금승인내역'!X704) -> 0.003254 | V78: =IF(ISNUMBER(N78),N78-$B$2,"") -> -580 | W78: =IF(AND(ISNUMBER(N78),N78>=$B$2,N78<=$B$2+10),N78*100000+ROW(),"") | X78: =IFERROR(SMALL($W$6:$W$1005,73),"") | Y78: =IF(X78="","",MATCH(X78,$W$6:$W$1005,0))
A79: =IF($Y79="","",IF(INDEX($N$6:$N$1005,$Y79)=$B$2,"오늘","+"&(INDEX($N$6:$N$1005,$Y79)-$B$2)&"일")) | B79: =IF($Y79="","",INDEX($N$6:$N$1005,$Y79)) | C79: =IF($Y79="","",CHOOSE(WEEKDAY(INDEX($N$6:$N$1005,$Y79)),"일","월","화","수","목","금","토")) | D79: =IF($Y79="","",INDEX($O$6:$O$1005,$Y79)) | E79: =IF($Y79="","",INDEX($P$6:$P$1005,$Y79)) | F79: =IF($Y79="","",INDEX($Q$6:$Q$1005,$Y79)) | G79: =IF($Y79="","",INDEX($R$6:$R$1005,$Y79)) | H79: =IF($Y79="","","USD") | I79: =IF($Y79="","",INDEX($S$6:$S$1005,$Y79)) | J79: =IF($Y79="","",INDEX($T$6:$T$1005,$Y79)) | K79: =IF($Y79="","",INDEX($U$6:$U$1005,$Y79)) | L79: =IF($Y79="","",IF(INDEX($S$6:$S$1005,$Y79)>=10,"★ 10백만불↑","")) | N79: =IF('(1)예금승인내역'!H705="","",'(1)예금승인내역'!H705) -> 45610 | O79: =IF('(1)예금승인내역'!G705="","",'(1)예금승인내역'!G705) -> 45518 | P79: =IF('(1)예금승인내역'!F705="","",'(1)예금승인내역'!F705) -> 대성산업㈜ | Q79: =IF('(1)예금승인내역'!C705="","",'(1)예금승인내역'!C705) -> 강남영업부 | R79: =IF('(1)예금승인내역'!K705="","",'(1)예금승인내역'!K705) -> 정기예금 | S79: =IF('(1)예금승인내역'!L705="","",'(1)예금승인내역'!L705) -> 3.5 | T79: =IF('(1)예금승인내역'!AG705="","",'(1)예금승인내역'!AG705) -> 0.0505 | U79: =IF('(1)예금승인내역'!X705="","",'(1)예금승인내역'!X705) -> 0.003286 | V79: =IF(ISNUMBER(N79),N79-$B$2,"") -> -579 | W79: =IF(AND(ISNUMBER(N79),N79>=$B$2,N79<=$B$2+10),N79*100000+ROW(),"") | X79: =IFERROR(SMALL($W$6:$W$1005,74),"") | Y79: =IF(X79="","",MATCH(X79,$W$6:$W$1005,0))
A80: =IF($Y80="","",IF(INDEX($N$6:$N$1005,$Y80)=$B$2,"오늘","+"&(INDEX($N$6:$N$1005,$Y80)-$B$2)&"일")) | B80: =IF($Y80="","",INDEX($N$6:$N$1005,$Y80)) | C80: =IF($Y80="","",CHOOSE(WEEKDAY(INDEX($N$6:$N$1005,$Y80)),"일","월","화","수","목","금","토")) | D80: =IF($Y80="","",INDEX($O$6:$O$1005,$Y80)) | E80: =IF($Y80="","",INDEX($P$6:$P$1005,$Y80)) | F80: =IF($Y80="","",INDEX($Q$6:$Q$1005,$Y80)) | G80: =IF($Y80="","",INDEX($R$6:$R$1005,$Y80)) | H80: =IF($Y80="","","USD") | I80: =IF($Y80="","",INDEX($S$6:$S$1005,$Y80)) | J80: =IF($Y80="","",INDEX($T$6:$T$1005,$Y80)) | K80: =IF($Y80="","",INDEX($U$6:$U$1005,$Y80)) | L80: =IF($Y80="","",IF(INDEX($S$6:$S$1005,$Y80)>=10,"★ 10백만불↑","")) | N80: =IF('(1)예금승인내역'!H706="","",'(1)예금승인내역'!H706) -> 45614 | O80: =IF('(1)예금승인내역'!G706="","",'(1)예금승인내역'!G706) -> 45520 | P80: =IF('(1)예금승인내역'!F706="","",'(1)예금승인내역'!F706) -> ㈜세도캠핑 | Q80: =IF('(1)예금승인내역'!C706="","",'(1)예금승인내역'!C706) -> 강남영업부 | R80: =IF('(1)예금승인내역'!K706="","",'(1)예금승인내역'!K706) -> 정기예금 | S80: =IF('(1)예금승인내역'!L706="","",'(1)예금승인내역'!L706) -> 2 | T80: =IF('(1)예금승인내역'!AG706="","",'(1)예금승인내역'!AG706) -> 0.05 | U80: =IF('(1)예금승인내역'!X706="","",'(1)예금승인내역'!X706) -> 0.003806 | V80: =IF(ISNUMBER(N80),N80-$B$2,"") -> -575 | W80: =IF(AND(ISNUMBER(N80),N80>=$B$2,N80<=$B$2+10),N80*100000+ROW(),"") | X80: =IFERROR(SMALL($W$6:$W$1005,75),"") | Y80: =IF(X80="","",MATCH(X80,$W$6:$W$1005,0))
A81: =IF($Y81="","",IF(INDEX($N$6:$N$1005,$Y81)=$B$2,"오늘","+"&(INDEX($N$6:$N$1005,$Y81)-$B$2)&"일")) | B81: =IF($Y81="","",INDEX($N$6:$N$1005,$Y81)) | C81: =IF($Y81="","",CHOOSE(WEEKDAY(INDEX($N$6:$N$1005,$Y81)),"일","월","화","수","목","금","토")) | D81: =IF($Y81="","",INDEX($O$6:$O$1005,$Y81)) | E81: =IF($Y81="","",INDEX($P$6:$P$1005,$Y81)) | F81: =IF($Y81="","",INDEX($Q$6:$Q$1005,$Y81)) | G81: =IF($Y81="","",INDEX($R$6:$R$1005,$Y81)) | H81: =IF($Y81="","","USD") | I81: =IF($Y81="","",INDEX($S$6:$S$1005,$Y81)) | J81: =IF($Y81="","",INDEX($T$6:$T$1005,$Y81)) | K81: =IF($Y81="","",INDEX($U$6:$U$1005,$Y81)) | L81: =IF($Y81="","",IF(INDEX($S$6:$S$1005,$Y81)>=10,"★ 10백만불↑","")) | N81: =IF('(1)예금승인내역'!H707="","",'(1)예금승인내역'!H707) -> 45617 | O81: =IF('(1)예금승인내역'!G707="","",'(1)예금승인내역'!G707) -> 45525 | P81: =IF('(1)예금승인내역'!F707="","",'(1)예금승인내역'!F707) -> ㈜세도캠핑 | Q81: =IF('(1)예금승인내역'!C707="","",'(1)예금승인내역'!C707) -> 강남영업부 | R81: =IF('(1)예금승인내역'!K707="","",'(1)예금승인내역'!K707) -> 정기예금 | S81: =IF('(1)예금승인내역'!L707="","",'(1)예금승인내역'!L707) -> 3 | T81: =IF('(1)예금승인내역'!AG707="","",'(1)예금승인내역'!AG707) -> 0.0485 | U81: =IF('(1)예금승인내역'!X707="","",'(1)예금승인내역'!X707) -> 0.005387 | V81: =IF(ISNUMBER(N81),N81-$B$2,"") -> -572 | W81: =IF(AND(ISNUMBER(N81),N81>=$B$2,N81<=$B$2+10),N81*100000+ROW(),"") | X81: =IFERROR(SMALL($W$6:$W$1005,76),"") | Y81: =IF(X81="","",MATCH(X81,$W$6:$W$1005,0))
A82: =IF($Y82="","",IF(INDEX($N$6:$N$1005,$Y82)=$B$2,"오늘","+"&(INDEX($N$6:$N$1005,$Y82)-$B$2)&"일")) | B82: =IF($Y82="","",INDEX($N$6:$N$1005,$Y82)) | C82: =IF($Y82="","",CHOOSE(WEEKDAY(INDEX($N$6:$N$1005,$Y82)),"일","월","화","수","목","금","토")) | D82: =IF($Y82="","",INDEX($O$6:$O$1005,$Y82)) | E82: =IF($Y82="","",INDEX($P$6:$P$1005,$Y82)) | F82: =IF($Y82="","",INDEX($Q$6:$Q$1005,$Y82)) | G82: =IF($Y82="","",INDEX($R$6:$R$1005,$Y82)) | H82: =IF($Y82="","","USD") | I82: =IF($Y82="","",INDEX($S$6:$S$1005,$Y82)) | J82: =IF($Y82="","",INDEX($T$6:$T$1005,$Y82)) | K82: =IF($Y82="","",INDEX($U$6:$U$1005,$Y82)) | L82: =IF($Y82="","",IF(INDEX($S$6:$S$1005,$Y82)>=10,"★ 10백만불↑","")) | N82: =IF('(1)예금승인내역'!H708="","",'(1)예금승인내역'!H708) -> 45561 | O82: =IF('(1)예금승인내역'!G708="","",'(1)예금승인내역'!G708) -> 45530 | P82: =IF('(1)예금승인내역'!F708="","",'(1)예금승인내역'!F708) -> 에스엠상선㈜ | Q82: =IF('(1)예금승인내역'!C708="","",'(1)예금승인내역'!C708) -> 강남영업부 | R82: =IF('(1)예금승인내역'!K708="","",'(1)예금승인내역'!K708) -> 정기예금 | S82: =IF('(1)예금승인내역'!L708="","",'(1)예금승인내역'!L708) -> 10 | T82: =IF('(1)예금승인내역'!AG708="","",'(1)예금승인내역'!AG708) -> 0.05 | U82: =IF('(1)예금승인내역'!X708="","",'(1)예금승인내역'!X708) -> 0.003919 | V82: =IF(ISNUMBER(N82),N82-$B$2,"") -> -628 | W82: =IF(AND(ISNUMBER(N82),N82>=$B$2,N82<=$B$2+10),N82*100000+ROW(),"") | X82: =IFERROR(SMALL($W$6:$W$1005,77),"") | Y82: =IF(X82="","",MATCH(X82,$W$6:$W$1005,0))
A83: =IF($Y83="","",IF(INDEX($N$6:$N$1005,$Y83)=$B$2,"오늘","+"&(INDEX($N$6:$N$1005,$Y83)-$B$2)&"일")) | B83: =IF($Y83="","",INDEX($N$6:$N$1005,$Y83)) | C83: =IF($Y83="","",CHOOSE(WEEKDAY(INDEX($N$6:$N$1005,$Y83)),"일","월","화","수","목","금","토")) | D83: =IF($Y83="","",INDEX($O$6:$O$1005,$Y83)) | E83: =IF($Y83="","",INDEX($P$6:$P$1005,$Y83)) | F83: =IF($Y83="","",INDEX($Q$6:$Q$1005,$Y83)) | G83: =IF($Y83="","",INDEX($R$6:$R$1005,$Y83)) | H83: =IF($Y83="","","USD") | I83: =IF($Y83="","",INDEX($S$6:$S$1005,$Y83)) | J83: =IF($Y83="","",INDEX($T$6:$T$1005,$Y83)) | K83: =IF($Y83="","",INDEX($U$6:$U$1005,$Y83)) | L83: =IF($Y83="","",IF(INDEX($S$6:$S$1005,$Y83)>=10,"★ 10백만불↑","")) | N83: =IF('(1)예금승인내역'!H709="","",'(1)예금승인내역'!H709) -> 45895 | O83: =IF('(1)예금승인내역'!G709="","",'(1)예금승인내역'!G709) -> 45530 | P83: =IF('(1)예금승인내역'!F709="","",'(1)예금승인내역'!F709) -> 신라인코리아 | Q83: =IF('(1)예금승인내역'!C709="","",'(1)예금승인내역'!C709) -> 문경지점 | R83: =IF('(1)예금승인내역'!K709="","",'(1)예금승인내역'!K709) -> 정기예금 | S83: =IF('(1)예금승인내역'!L709="","",'(1)예금승인내역'!L709) -> 4 | T83: =IF('(1)예금승인내역'!AG709="","",'(1)예금승인내역'!AG709) -> 0.0445 | U83: =IF('(1)예금승인내역'!X709="","",'(1)예금승인내역'!X709) -> 0.006343 | V83: =IF(ISNUMBER(N83),N83-$B$2,"") -> -294 | W83: =IF(AND(ISNUMBER(N83),N83>=$B$2,N83<=$B$2+10),N83*100000+ROW(),"") | X83: =IFERROR(SMALL($W$6:$W$1005,78),"") | Y83: =IF(X83="","",MATCH(X83,$W$6:$W$1005,0))
A84: =IF($Y84="","",IF(INDEX($N$6:$N$1005,$Y84)=$B$2,"오늘","+"&(INDEX($N$6:$N$1005,$Y84)-$B$2)&"일")) | B84: =IF($Y84="","",INDEX($N$6:$N$1005,$Y84)) | C84: =IF($Y84="","",CHOOSE(WEEKDAY(INDEX($N$6:$N$1005,$Y84)),"일","월","화","수","목","금","토")) | D84: =IF($Y84="","",INDEX($O$6:$O$1005,$Y84)) | E84: =IF($Y84="","",INDEX($P$6:$P$1005,$Y84)) | F84: =IF($Y84="","",INDEX($Q$6:$Q$1005,$Y84)) | G84: =IF($Y84="","",INDEX($R$6:$R$1005,$Y84)) | H84: =IF($Y84="","","USD") | I84: =IF($Y84="","",INDEX($S$6:$S$1005,$Y84)) | J84: =IF($Y84="","",INDEX($T$6:$T$1005,$Y84)) | K84: =IF($Y84="","",INDEX($U$6:$U$1005,$Y84)) | L84: =IF($Y84="","",IF(INDEX($S$6:$S$1005,$Y84)>=10,"★ 10백만불↑","")) | N84: =IF('(1)예금승인내역'!H710="","",'(1)예금승인내역'!H710) -> 45565 | O84: =IF('(1)예금승인내역'!G710="","",'(1)예금승인내역'!G710) -> 45532 | P84: =IF('(1)예금승인내역'!F710="","",'(1)예금승인내역'!F710) -> 에스엠상선㈜ | Q84: =IF('(1)예금승인내역'!C710="","",'(1)예금승인내역'!C710) -> 강남영업부 | R84: =IF('(1)예금승인내역'!K710="","",'(1)예금승인내역'!K710) -> 정기예금 | S84: =IF('(1)예금승인내역'!L710="","",'(1)예금승인내역'!L710) -> 10 | T84: =IF('(1)예금승인내역'!AG710="","",'(1)예금승인내역'!AG710) -> 0.05 | U84: =IF('(1)예금승인내역'!X710="","",'(1)예금승인내역'!X710) -> 0.003662 | V84: =IF(ISNUMBER(N84),N84-$B$2,"") -> -624 | W84: =IF(AND(ISNUMBER(N84),N84>=$B$2,N84<=$B$2+10),N84*100000+ROW(),"") | X84: =IFERROR(SMALL($W$6:$W$1005,79),"") | Y84: =IF(X84="","",MATCH(X84,$W$6:$W$1005,0))
A85: =IF($Y85="","",IF(INDEX($N$6:$N$1005,$Y85)=$B$2,"오늘","+"&(INDEX($N$6:$N$1005,$Y85)-$B$2)&"일")) | B85: =IF($Y85="","",INDEX($N$6:$N$1005,$Y85)) | C85: =IF($Y85="","",CHOOSE(WEEKDAY(INDEX($N$6:$N$1005,$Y85)),"일","월","화","수","목","금","토")) | D85: =IF($Y85="","",INDEX($O$6:$O$1005,$Y85)) | E85: =IF($Y85="","",INDEX($P$6:$P$1005,$Y85)) | F85: =IF($Y85="","",INDEX($Q$6:$Q$1005,$Y85)) | G85: =IF($Y85="","",INDEX($R$6:$R$1005,$Y85)) | H85: =IF($Y85="","","USD") | I85: =IF($Y85="","",INDEX($S$6:$S$1005,$Y85)) | J85: =IF($Y85="","",INDEX($T$6:$T$1005,$Y85)) | K85: =IF($Y85="","",INDEX($U$6:$U$1005,$Y85)) | L85: =IF($Y85="","",IF(INDEX($S$6:$S$1005,$Y85)>=10,"★ 10백만불↑","")) | N85: =IF('(1)예금승인내역'!H711="","",'(1)예금승인내역'!H711) -> 45565 | O85: =IF('(1)예금승인내역'!G711="","",'(1)예금승인내역'!G711) -> 45532 | P85: =IF('(1)예금승인내역'!F711="","",'(1)예금승인내역'!F711) -> 거림테크주식회사 | Q85: =IF('(1)예금승인내역'!C711="","",'(1)예금승인내역'!C711) -> 죽전지점 | R85: =IF('(1)예금승인내역'!K711="","",'(1)예금승인내역'!K711) -> 정기예금 | S85: =IF('(1)예금승인내역'!L711="","",'(1)예금승인내역'!L711) -> 1 | T85: =IF('(1)예금승인내역'!AG711="","",'(1)예금승인내역'!AG711) -> 0.05 | U85: =IF('(1)예금승인내역'!X711="","",'(1)예금승인내역'!X711) -> 0.003662 | V85: =IF(ISNUMBER(N85),N85-$B$2,"") -> -624 | W85: =IF(AND(ISNUMBER(N85),N85>=$B$2,N85<=$B$2+10),N85*100000+ROW(),"") | X85: =IFERROR(SMALL($W$6:$W$1005,80),"") | Y85: =IF(X85="","",MATCH(X85,$W$6:$W$1005,0))
N86: =IF('(1)예금승인내역'!H712="","",'(1)예금승인내역'!H712) -> 45562 | O86: =IF('(1)예금승인내역'!G712="","",'(1)예금승인내역'!G712) -> 45532 | P86: =IF('(1)예금승인내역'!F712="","",'(1)예금승인내역'!F712) -> ㈜ 약진통상 | Q86: =IF('(1)예금승인내역'!C712="","",'(1)예금승인내역'!C712) -> 반월공단지점 | R86: =IF('(1)예금승인내역'!K712="","",'(1)예금승인내역'!K712) -> MMDA | S86: =IF('(1)예금승인내역'!L712="","",'(1)예금승인내역'!L712) -> 3 | T86: =IF('(1)예금승인내역'!AG712="","",'(1)예금승인내역'!AG712) -> 0.046 | U86: =IF('(1)예금승인내역'!X712="","",'(1)예금승인내역'!X712) -> 0.004648 | V86: =IF(ISNUMBER(N86),N86-$B$2,"") -> -627 | W86: =IF(AND(ISNUMBER(N86),N86>=$B$2,N86<=$B$2+10),N86*100000+ROW(),"")
N87: =IF('(1)예금승인내역'!H713="","",'(1)예금승인내역'!H713) -> 45562 | O87: =IF('(1)예금승인내역'!G713="","",'(1)예금승인내역'!G713) -> 45531 | P87: =IF('(1)예금승인내역'!F713="","",'(1)예금승인내역'!F713) -> ㈜성우하이텍 | Q87: =IF('(1)예금승인내역'!C713="","",'(1)예금승인내역'!C713) -> 서울영업부 | R87: =IF('(1)예금승인내역'!K713="","",'(1)예금승인내역'!K713) -> MMDA | S87: =IF('(1)예금승인내역'!L713="","",'(1)예금승인내역'!L713) -> 7.2 | T87: =IF('(1)예금승인내역'!AG713="","",'(1)예금승인내역'!AG713) -> 0.046 | U87: =IF('(1)예금승인내역'!X713="","",'(1)예금승인내역'!X713) -> 0.004852 | V87: =IF(ISNUMBER(N87),N87-$B$2,"") -> -627 | W87: =IF(AND(ISNUMBER(N87),N87>=$B$2,N87<=$B$2+10),N87*100000+ROW(),"")
N88: =IF('(1)예금승인내역'!H714="","",'(1)예금승인내역'!H714) -> 45630 | O88: =IF('(1)예금승인내역'!G714="","",'(1)예금승인내역'!G714) -> 45539 | P88: =IF('(1)예금승인내역'!F714="","",'(1)예금승인내역'!F714) -> 거림테크주식회사 | Q88: =IF('(1)예금승인내역'!C714="","",'(1)예금승인내역'!C714) -> 죽전지점 | R88: =IF('(1)예금승인내역'!K714="","",'(1)예금승인내역'!K714) -> 정기예금 | S88: =IF('(1)예금승인내역'!L714="","",'(1)예금승인내역'!L714) -> 2 | T88: =IF('(1)예금승인내역'!AG714="","",'(1)예금승인내역'!AG714) -> 0.0485 | U88: =IF('(1)예금승인내역'!X714="","",'(1)예금승인내역'!X714) -> 0.003844 | V88: =IF(ISNUMBER(N88),N88-$B$2,"") -> -559 | W88: =IF(AND(ISNUMBER(N88),N88>=$B$2,N88<=$B$2+10),N88*100000+ROW(),"")
N89: =IF('(1)예금승인내역'!H715="","",'(1)예금승인내역'!H715) -> 45570 | O89: =IF('(1)예금승인내역'!G715="","",'(1)예금승인내역'!G715) -> 45540 | P89: =IF('(1)예금승인내역'!F715="","",'(1)예금승인내역'!F715) -> ㈜이수스페셜티케미컬 | Q89: =IF('(1)예금승인내역'!C715="","",'(1)예금승인내역'!C715) -> 성남금융센터 | R89: =IF('(1)예금승인내역'!K715="","",'(1)예금승인내역'!K715) -> MMDA | S89: =IF('(1)예금승인내역'!L715="","",'(1)예금승인내역'!L715) -> 1 | T89: =IF('(1)예금승인내역'!AG715="","",'(1)예금승인내역'!AG715) -> 0.044 | U89: =IF('(1)예금승인내역'!X715="","",'(1)예금승인내역'!X715) -> 0.005633 | V89: =IF(ISNUMBER(N89),N89-$B$2,"") -> -619 | W89: =IF(AND(ISNUMBER(N89),N89>=$B$2,N89<=$B$2+10),N89*100000+ROW(),"")
N90: =IF('(1)예금승인내역'!H716="","",'(1)예금승인내역'!H716) -> 45646 | O90: =IF('(1)예금승인내역'!G716="","",'(1)예금승인내역'!G716) -> 45555 | P90: =IF('(1)예금승인내역'!F716="","",'(1)예금승인내역'!F716) -> ㈜에스앤에스텍 | Q90: =IF('(1)예금승인내역'!C716="","",'(1)예금승인내역'!C716) -> 성서3단지영업부 | R90: =IF('(1)예금승인내역'!K716="","",'(1)예금승인내역'!K716) -> 정기예금 | S90: =IF('(1)예금승인내역'!L716="","",'(1)예금승인내역'!L716) -> 1 | T90: =IF('(1)예금승인내역'!AG716="","",'(1)예금승인내역'!AG716) -> 0.0465 | U90: =IF('(1)예금승인내역'!X716="","",'(1)예금승인내역'!X716) -> 0.003852 | V90: =IF(ISNUMBER(N90),N90-$B$2,"") -> -543 | W90: =IF(AND(ISNUMBER(N90),N90>=$B$2,N90<=$B$2+10),N90*100000+ROW(),"")
N91: =IF('(1)예금승인내역'!H717="","",'(1)예금승인내역'!H717) -> 45590 | O91: =IF('(1)예금승인내역'!G717="","",'(1)예금승인내역'!G717) -> 45563 | P91: =IF('(1)예금승인내역'!F717="","",'(1)예금승인내역'!F717) -> ㈜ 약진통상 | Q91: =IF('(1)예금승인내역'!C717="","",'(1)예금승인내역'!C717) -> 반월공단지점 | R91: =IF('(1)예금승인내역'!K717="","",'(1)예금승인내역'!K717) -> MMDA | S91: =IF('(1)예금승인내역'!L717="","",'(1)예금승인내역'!L717) -> 4 | T91: =IF('(1)예금승인내역'!AG717="","",'(1)예금승인내역'!AG717) -> 0.042 | U91: =IF('(1)예금승인내역'!X717="","",'(1)예금승인내역'!X717) -> 0.005742 | V91: =IF(ISNUMBER(N91),N91-$B$2,"") -> -599 | W91: =IF(AND(ISNUMBER(N91),N91>=$B$2,N91<=$B$2+10),N91*100000+ROW(),"")
N92: =IF('(1)예금승인내역'!H718="","",'(1)예금승인내역'!H718) -> 45593 | O92: =IF('(1)예금승인내역'!G718="","",'(1)예금승인내역'!G718) -> 45562 | P92: =IF('(1)예금승인내역'!F718="","",'(1)예금승인내역'!F718) -> ㈜ 한국비엔씨 | Q92: =IF('(1)예금승인내역'!C718="","",'(1)예금승인내역'!C718) -> 유통단지영업부 | R92: =IF('(1)예금승인내역'!K718="","",'(1)예금승인내역'!K718) -> 정기예금 | S92: =IF('(1)예금승인내역'!L718="","",'(1)예금승인내역'!L718) -> 4 | T92: =IF('(1)예금승인내역'!AG718="","",'(1)예금승인내역'!AG718) -> 0.0465 | U92: =IF('(1)예금승인내역'!X718="","",'(1)예금승인내역'!X718) -> 0.002518 | V92: =IF(ISNUMBER(N92),N92-$B$2,"") -> -596 | W92: =IF(AND(ISNUMBER(N92),N92>=$B$2,N92<=$B$2+10),N92*100000+ROW(),"")
N93: =IF('(1)예금승인내역'!H719="","",'(1)예금승인내역'!H719) -> 45595 | O93: =IF('(1)예금승인내역'!G719="","",'(1)예금승인내역'!G719) -> 45565 | P93: =IF('(1)예금승인내역'!F719="","",'(1)예금승인내역'!F719) -> 거림테크주식회사 | Q93: =IF('(1)예금승인내역'!C719="","",'(1)예금승인내역'!C719) -> 죽전지점 | R93: =IF('(1)예금승인내역'!K719="","",'(1)예금승인내역'!K719) -> 정기예금 | S93: =IF('(1)예금승인내역'!L719="","",'(1)예금승인내역'!L719) -> 1 | T93: =IF('(1)예금승인내역'!AG719="","",'(1)예금승인내역'!AG719) -> 0.046 | U93: =IF('(1)예금승인내역'!X719="","",'(1)예금승인내역'!X719) -> 0.003174 | V93: =IF(ISNUMBER(N93),N93-$B$2,"") -> -594 | W93: =IF(AND(ISNUMBER(N93),N93>=$B$2,N93<=$B$2+10),N93*100000+ROW(),"")
N94: =IF('(1)예금승인내역'!H720="","",'(1)예금승인내역'!H720) -> 45581 | O94: =IF('(1)예금승인내역'!G720="","",'(1)예금승인내역'!G720) -> 45567 | P94: =IF('(1)예금승인내역'!F720="","",'(1)예금승인내역'!F720) -> 한국석유공사 | Q94: =IF('(1)예금승인내역'!C720="","",'(1)예금승인내역'!C720) -> 울산영업부 | R94: =IF('(1)예금승인내역'!K720="","",'(1)예금승인내역'!K720) -> 정기예금 | S94: =IF('(1)예금승인내역'!L720="","",'(1)예금승인내역'!L720) -> 80 | T94: =IF('(1)예금승인내역'!AG720="","",'(1)예금승인내역'!AG720) -> 0.0465 | U94: =IF('(1)예금승인내역'!X720="","",'(1)예금승인내역'!X720) -> 0.00172 | V94: =IF(ISNUMBER(N94),N94-$B$2,"") -> -608 | W94: =IF(AND(ISNUMBER(N94),N94>=$B$2,N94<=$B$2+10),N94*100000+ROW(),"")
N95: =IF('(1)예금승인내역'!H721="","",'(1)예금승인내역'!H721) -> 45603 | O95: =IF('(1)예금승인내역'!G721="","",'(1)예금승인내역'!G721) -> 45572 | P95: =IF('(1)예금승인내역'!F721="","",'(1)예금승인내역'!F721) -> ㈜이수스페셜티케미컬 | Q95: =IF('(1)예금승인내역'!C721="","",'(1)예금승인내역'!C721) -> 성남금융센터 | R95: =IF('(1)예금승인내역'!K721="","",'(1)예금승인내역'!K721) -> MMDA | S95: =IF('(1)예금승인내역'!L721="","",'(1)예금승인내역'!L721) -> 1 | T95: =IF('(1)예금승인내역'!AG721="","",'(1)예금승인내역'!AG721) -> 0.041 | U95: =IF('(1)예금승인내역'!X721="","",'(1)예금승인내역'!X721) -> 0.004191 | V95: =IF(ISNUMBER(N95),N95-$B$2,"") -> -586 | W95: =IF(AND(ISNUMBER(N95),N95>=$B$2,N95<=$B$2+10),N95*100000+ROW(),"")
N96: =IF('(1)예금승인내역'!H722="","",'(1)예금승인내역'!H722) -> 45607 | O96: =IF('(1)예금승인내역'!G722="","",'(1)예금승인내역'!G722) -> 45575 | P96: =IF('(1)예금승인내역'!F722="","",'(1)예금승인내역'!F722) -> 오스템임플란트㈜ | Q96: =IF('(1)예금승인내역'!C722="","",'(1)예금승인내역'!C722) -> 성남금융센터 | R96: =IF('(1)예금승인내역'!K722="","",'(1)예금승인내역'!K722) -> MMDA | S96: =IF('(1)예금승인내역'!L722="","",'(1)예금승인내역'!L722) -> 5 | T96: =IF('(1)예금승인내역'!AG722="","",'(1)예금승인내역'!AG722) -> 0.042 | U96: =IF('(1)예금승인내역'!X722="","",'(1)예금승인내역'!X722) -> 0.003266 | V96: =IF(ISNUMBER(N96),N96-$B$2,"") -> -582 | W96: =IF(AND(ISNUMBER(N96),N96>=$B$2,N96<=$B$2+10),N96*100000+ROW(),"")
N97: =IF('(1)예금승인내역'!H723="","",'(1)예금승인내역'!H723) -> 45743 | O97: =IF('(1)예금승인내역'!G723="","",'(1)예금승인내역'!G723) -> 45579 | P97: =IF('(1)예금승인내역'!F723="","",'(1)예금승인내역'!F723) -> 케이와이글로벌셀앤진사모투자 | Q97: =IF('(1)예금승인내역'!C723="","",'(1)예금승인내역'!C723) -> 평택금융센터 | R97: =IF('(1)예금승인내역'!K723="","",'(1)예금승인내역'!K723) -> 정기예금 | S97: =IF('(1)예금승인내역'!L723="","",'(1)예금승인내역'!L723) -> 2.48 | T97: =IF('(1)예금승인내역'!AG723="","",'(1)예금승인내역'!AG723) -> 0.044 | U97: =IF('(1)예금승인내역'!X723="","",'(1)예금승인내역'!X723) -> 0.0026 | V97: =IF(ISNUMBER(N97),N97-$B$2,"") -> -446 | W97: =IF(AND(ISNUMBER(N97),N97>=$B$2,N97<=$B$2+10),N97*100000+ROW(),"")
... N1005: =IF('(1)예금승인내역'!H1631="","",'(1)예금승인내역'!H1631) | O1005: =IF('(1)예금승인내역'!G1631="","",'(1)예금승인내역'!G1631) | P1005: =IF('(1)예금승인내역'!F1631="","",'(1)예금승인내역'!F1631) | Q1005: =IF('(1)예금승인내역'!C1631="","",'(1)예금승인내역'!C1631) | R1005: =IF('(1)예금승인내역'!K1631="","",'(1)예금승인내역'!K1631) | S1005: =IF('(1)예금승인내역'!L1631="","",'(1)예금승인내역'!L1631) | T1005: =IF('(1)예금승인내역'!AG1631="","",'(1)예금승인내역'!AG1631) | U1005: =IF('(1)예금승인내역'!X1631="","",'(1)예금승인내역'!X1631) | V1005: =IF(ISNUMBER(N1005),N1005-$B$2,"") | W1005: =IF(AND(ISNUMBER(N1005),N1005>=$B$2,N1005<=$B$2+10),N1005*100000+ROW(),"")

Sheet ★예금금리상담
A1: 예금 금리 상담 일지 (사전)
A2: 순번 | B2: 상담일자 | C2: 상담지점 | D2: 상담직원 | E2: 업체명 | F2: 예정일 | G2: 기간 | H2: 금리 | I2: 금액 | J2: 예금과목 | K2: 상담내용
A3: 1 | B3: 43886 | C3: 부산영업부 | D3: 과장 김은아 | E3: 파산관리재단 | F3: 3월 초 | G3: 3M | H3: 0.014 | I3: 1.48 | J3: 정기예금 | K3: 파산대리인 (법원 요청 후 신규되는 건이라 사전에 금리 확정 해야한다고 하여 보수적으로 금리 제시) 나중에 전화와서 1백만 미만으로 여러건 신규 예정이라고 하여 이진범과장님과 통화하였고 1백만불 미만으로 신규될 시 외사부에서 1.40%으로 승인하기로 함
A4: 2 | B4: 43886 | C4: 센텀시티지점 | D4: 대리 김진화 | E4: 현대 2차 계열사 | F4: 알 수 없음 | G4: 1M 2M 3M 6M | H4: 1.40% 1.40% 1.40% 1.45% | J4: 정기예금 | K4: 신규일자 알 수 없으므로 항상 보수적으로 제시하는 업체임
A5: 3 | B5: 43887 | C5: 성서영업부 | D5: 차장 권미정 | E5: ㈜나인플러스 | F5: 43889 | G5: 3M | H5: 1.40%~ 1.45% | I5: 1.04 | J5: 정기예금 | K5: 1.40~1.45 수준이고 2월 28일에 다시 확인 요청
A6: 4 | B6: 43887 | C6: 중동지점 | D6: 대리 김진아 | E6: ㈜동화인더스트리 | F6: 43889 | G6: 1M 3M 6M | H6: 1.40% 1.42~3% 1.45% | I6: 2건 6M | J6: 정기예금 | K6: 1.40~1.45 수준이고 2월 28일에 다시 확인 요청
A7: 5 | B7: 43888 | C7: 경산공단영업부 | D7: 계장 정재경 | E7: 구본일 (일지테크) | F7: 43889 | G7: 3M | H7: 0.014 | J7: 정기예금 | K7: 기존 갱신할 때와 비교시 LIBOR 및 고시금리 30bp정도 하락 감안하여 1.70% →1.40% 제시하였으며 2월 28일에 다시 확인 요청
A8: 6 | B8: 43893 | C8: 강남영업부 | D8: 부지점장 문명숙 | E8: 한전 | F8: 43895 | G8: 3M MMDA | H8: 1.00% 0.80% | I8: 30M 20M | J8: 정기예금 MMDA | K8: 금리인하 기대에 따른 시장금리 및 기본고시금리 하락 반영, MMDA는 80M 요청했으나 20M으로 제한.
A9: 7 | B9: 43896 | C9: 강남영업부 | D9: 부지점장 박진호 | E9: 쿠팡 | F9: 43896 | G9: 1M | H9: 0.0096 | I9: 10M | J9: 정기예금 | K9: 이탈
A10: 8 | B10: 43901 | C10: 여의도지점 | D10: 부지점장 박후임 | F10: 3월 중 | G10: 1M 2M 3M | H10: 0.55% 0.55% 0.55% | I10: 10M | J10: 정기예금
A11: 9 | B11: 43902 | C11: 서울영업부 | D11: 대리 최예령 | G11: 1M 3M | H11: 0.55% 0.55% | J11: 정기예금 | K11: 현재 가격 문의 (예정 금액이나 일자 없음)
A12: 10 | B12: 43903 | C12: 강남영업부 | D12: 부지점장 문명숙 | E12: 한전 | F12: 43906 | G12: 3M | H12: 0.005 | I12: 20M | J12: 정기예금 | K12: 30개 문의하였으나 20개로 제한 (다음주 월요일 신규 예정 건으로 0.55 -> 0.50으로 제안)
A13: 11 | B13: 43908 | C13: 센텀시티지점 | D13: 대리 김진화 | E13: 현대 2차 계열사 | F13: 알 수 없음 | G13: 1M 2M 3M 6M | H13: 0.40% 0.40% 0.65% 0.60% | I13: 3M | J13: 정기예금
A14: 12 | B14: 43909 | C14: 서울영업부 | D14: 차장 정상국 | E14: 삼호중공업 | F14: 43909 | G14: 1M 2M 3M 6M | H14: 0.65% 0.75% 0.90% 0.60% | I14: 25M | J14: 정기예금 | K14: 정기예금 1개월 0.65% 신규확정
A15: 13 | B15: 43909 | C15: 강남영업부 | D15: 부지점장 박진호 | F15: 43909 | G15: MMDA 1M | H15: 0.65% 0.00% | J15: MMDA 정기예금
A16: 14 | B16: 43913 | C16: 성서공단영업부 | D16: 차장 한지숙 | E16: 보림엘텍 | F16: 43914 | G16: 1M | H16: 0.008 | I16: 1M | J16: 정기예금 | K16: 3-23 10:35 기준 SMBC 동경 1.10%
A17: 15 | B17: 43914 | C17: 성서공단영업부 | D17: 차장 한지숙 | E17: 보림엘텍 | F17: 43914 | G17: 1M 3M | H17: 0.80% 1.10% | I17: 1M 3M | J17: 정기예금 | K17: 3-24 10:35 기준 - 1개월 SMBC 동경 1.10% , 3개월 SMBC 동경 1.40%
A18: 16 | B18: 43928 | C18: 센텀시티지점 | D18: 대리 김진화 | E18: 현대 2차 계열사 | F18: 미정 | G18: 1M 2M 3M 6M | H18: 0.50% 0.60% 0.95% 0.90% | I18: 3M | J18: 정기예금
A19: 17 | B19: 43928 | C19: 강남영업부 | D19: 부지점장 박진호 | E19: SK하이닉스 | G19: 1주 MMDA | H19: 0% 0% | I19: 50M | J19: 정기예금 MMDA | K19: 20백만불 까지 제한 안내. 최근 금리 하락으로 금리제시 불가능. 기본고시 금리도 없음.
A20: 18 | B20: 43928 | C20: 서울영업부 | D20: 대리 김예슬 | E20: 무림피앤피 | G20: 2주 1개월 | H20: 0.05% 0.50% | J20: 정기예금
A21: 19 | B21: 43938 | C21: 센텀시티지점 | D21: 대리 김진화 | E21: 현대 2차 계열사 | F21: 미정 | G21: 1M 2M 3M 6M | H21: 0.50% 0.70% 0.80% 0.74% | I21: 3MIO | J21: 정기예금
A22: 20 | B22: 43941 | C22: 강남영업부 | D22: 대리 박경희 | E22: 쿠팡 | F22: 미정 | G22: 1M | H22: 0.005 | I22: 20MM | J22: 정기예금 | K22: EUR/USD 스왑운용보다 머니마켓 USD운용 금리가 높음
A23: 21 | B23: 43942 | C23: 성서공단영업부 | D23: 차장 한지숙 | E23: 보림엘텍 | F23: 43945 | G23: 1M | H23: 0.0045 | I23: 1MM | J23: 정기예금 | K23: 4-21 10시 기준 1개월 LBBW 0.66
A24: 22 | B24: 43944 | C24: 명가타운지점 | D24: 지점장 조은주 | E24: 이재형 | F24: 2020-04-27 만기건 | G24: 12M | H24: 1.00~1.05% | I24: 3MM | J24: 정기예금 | K24: 중개사 운용가능 금리조사 1.25%기준 제시
A25: 23 | B25: 43944 | C25: 서울영업부 | D25: 차장 정상국 | F25: 미정 | G25: 1M 3M | H25: 0.40% 0.40% | I25: 10MM | J25: 정기예금 | K25: 단순 금리 조사
A26: 24 | B26: 43945 | C26: 성서공단영업부 | D26: 차장 한지숙 | E26: 보림엘텍 | F26: 43945 | G26: 1M 3M | H26: 0.40% 0.40% | I26: 1MM | J26: 정기예금 | K26: 4-24 9시25분 기준 1개월
A27: 25 | B27: 43945 | C27: 덕산지점 | D27: 대리 하경숙 | E27: 민커뮤니케이션 | F27: 43948 | G27: 1M 3M | H27: 0.40% 0.40% | I27: 1MM | J27: 정기예금 | K27: 4-24 9시25분 기준 1개월
A28: 26 | B28: 43959 | C28: 센텀시티지점 | D28: 대리 김진화 | E28: 현대 2차 계열사 | F28: 미정 | G28: 1M 2M 3M 6M | H28: 0.00% 0.15% 0.20% 0.3117% | I28: 3MIO | J28: 정기예금
A29: 27 | B29: 43966 | C29: 센텀시티지점 | D29: 대리 김진화 | E29: 현대 2차 계열사 | F29: 미정 | G29: 1M 2M 3M 6M | H29: 0.05% 0.10% 0.10% 0.2895% | I29: 3MIO | J29: 정기예금
A30: 28 | B30: 43970 | C30: 부산영업부 | D30: 과장 김은아 | E30: 파산관리재단 | F30: 43973 | G30: 05-22 ~ 07.13 | H30: 0 | I30: 3MIO | J30: 정기예금 | K30: 미국기준금리 인하에 따른 리보금리 하락으로 기본고시금리도 없으며 마니마켓 두달이내 운용금리도 없음
A31: 29 | B31: 43976 | C31: 성서공단영업부 | D31: 차장 한지숙 | E31: 보림엘텍 | F31: 43977 | G31: 1M 3M 6M | H31: 0.00% 0.10% 0.1961%기본고시 | I31: 1MIO | J31: 정기예금 | K31: 5-25 13시57분 기준
A32: 30 | B32: 43976 | C32: 센텀시티지점 | D32: 대리 김진화 | E32: 현대 2차 계열사 | F32: 미정 | G32: 1M 2M 3M 6M | H32: 0.00% 0.05% 0.10% 0.1961%기본고시 | I32: 3MIO | J32: 정기예금 | K32: 5-25 15시16분 기준
A33: 31 | B33: 43977 | C33: 성서공단영업부 | D33: 차장 한지숙 | E33: 보림엘텍 | F33: 43977 | G33: 1M 3M 6M | H33: 0.00% 0.10% 0.20% | I33: 1MIO | J33: 정기예금 | K33: 5-26 11:00 기준
A34: 32 | B34: 43977 | C34: 경산공단영업부 | D34: 계장 정재경 | E34: 구본일 (일지테크) | F34: 43979 | G34: 3M 6M | H34: 0.10% 0.20% | I34: 1MIO | J34: 정기예금 | K34: 5-26 13:10 기준
A35: 33 | B35: 43977 | C35: 중동지점 | D35: 대리 권현경 | E35: ㈜동화인더스트리 | F35: 43979 | G35: 1M 3M 6M | H35: 0.00% 0.10% 0.20% | I35: 2건 6M | J35: 정기예금 | K35: 5-26 14:00 기준
A36: 34 | B36: 43980 | C36: 중동지점 | D36: 대리 권현경 | E36: ㈜동화인더스트리 | F36: 미정 | G36: 1M 2M 3M 6M | H36: 0.05% 0.08% 0.25% 0.50% | I36: 2건 6M | J36: 정기예금 | K36: 5-29 15:15 기준
A37: 35 | B37: 43983 | C37: 센텀시티지점 | D37: 대리 김진화 | E37: 현대 2차 계열사 | F37: 미정 | G37: 1M 2M 3M 6M | H37: 0.05% 0.10% 0.10% 0.20% | I37: 3MIO | J37: 정기예금 | K37: 6-1 10:30 기준
A38: 34 | B38: 43985 | C38: 중동지점 | D38: 대리 권현경 | E38: ㈜동화인더스트리 | F38: 미정 | G38: 1M 3M 6M | H38: 0.15% 0.23% 0.55% | I38: 4MIO | J38: 정기예금 | K38: 6-3 09:30 기준 (1M-미즈호서울, 3M-SMTB HK, 6M-국민홍콩)
A39: 35 | B39: 43986 | C39: 중동지점 | D39: 대리 권현경 | E39: ㈜동화인더스트리 | F39: 미정 | G39: 1M 3M 6M | H39: 0.20% 0.25% 0.55% | I39: 4MIO | J39: 정기예금 | K39: 6-4 13:45 기준 (SMTB HK)
A40: 36 | B40: 43990 | C40: 중동지점 | D40: 대리 권현경 | E40: ㈜동화인더스트리 | F40: 미정 | G40: 1M 3M 6M | H40: 0.15% 0.26% 0.55% | I40: 4MIO | J40: 정기예금
A41: 37 | B41: 43991 | C41: 중동지점 | D41: 대리 권현경 | E41: ㈜동화인더스트리 | F41: 미정 | G41: 1M 3M 6M | H41: 0.15% 0.26% 0.20% | I41: 4MIO | J41: 정기예금
A42: 38 | B42: 43991 | C42: 본점영업부 | D42: 과장 김준동 | F42: 미정 | G42: 3M 6M | H42: 0.08% 0.55% | I42: 1MIO | J42: 정기예금 | K42: 6-9 13.45 기준 (3M-LBBW SL, 6M-국민 홍콩)
A43: 39 | B43: 43993 | C43: 중동지점 | D43: 대리 권현경 | E43: ㈜동화인더스트리 | F43: 미정 | G43: 1M 3M 6M | H43: 0.15% 0.26% 0.58% | I43: 4MIO | J43: 정기예금 | K43: 6-11 10:05 기준 (1m,3m-SMTB HK , 6M-국민 홍콩)
A44: 40 | B44: 43993 | C44: 포항공단지점 | D44: 계장 김현진 | F44: 미정 | G44: 3M | H44: 0.0026 | I44: 1MIO | J44: 정기예금 | K44: 6-11 10:05 기준 (3m-SMTB HK)
A45: 41 | B45: 43997 | C45: 중동지점 | D45: 대리 권현경 | E45: ㈜동화인더스트리 | F45: 미정 | G45: 1M 3M 6M | H45: 0.10% 0.09% 0.58% | I45: 4MIO | J45: 정기예금 | K45: 6-15 15:30 기준 (1m-시즈오카,3m-LBBW , 6M-국민 홍콩)
A46: 42 | B46: 43997 | C46: 센텀시티지점 | D46: 대리 김진화 | E46: 현대 2차 계열사 | F46: 미정 | G46: 1M 2M 3M 6M | H46: 0.00% 0.09% 0.09% 0.20% | I46: 3MIO | J46: 정기예금 | K46: 6-15 15:00 기준 (2M-산업싱가폴, 3m-LBBW , 6M-SMBC)
A47: 43 | B47: 43998 | C47: 달성공단영업부 | D47: 계장 박동진 계장 박계령 | G47: 3M | H47: 0.002 | I47: 2.5MIO | K47: 6-16 17:55 기준 (3M-산업싱가폴 0.4)
A48: 44 | B48: 44011 | C48: 센텀시티지점 | D48: 대리 김진화 | E48: 현대 2차 계열사 | F48: 미정 | G48: 1M 2M 3M 6M | H48: 0.00% 0.00% 0.05% 0.15% | I48: 3MIO | J48: 정기예금 | K48: 6-29 09:30 기준 (SMBC 동경)
A49: 45 | B49: 44019 | C49: 본점영업부 | D49: 과장 김준동 | F49: 미정 | G49: 3M 6M | H49: 0.05% 0.15% | I49: 4MIO | J49: 정기예금 | K49: 7-7 13:05 기준 (SMBC)
A50: 46 | B50: 44020 | C50: 중동지점 | D50: 대리 권현경 | E50: ㈜동화인더스트리 | F50: 44025 | G50: 1M 3M 6M | H50: 0.05% 0.05% 0.15% | I50: 4MIO | J50: 정기예금 | K50: 7-8 09:30 기준 (1m-SMTB HK, 3m-SMBC , 6M-SMBC)
A51: 47 | B51: 44020 | C51: 달성공단영업부 | D51: 계장 박계령 | E51: ㈜동아홀딩스 | F51: 44020 | G51: 1M 3M | H51: 0.05% 0.05% | I51: 2MIO | K51: 7-8 09:30 기준 (1m-SMTB HK, 3m-SMBC)
A52: 48 | B52: 44022 | C52: 중동지점 | D52: 대리 권현경 | E52: ㈜동화인더스트리 | F52: 44025 | G52: 1M 3M 6M | H52: 0.05% 0.05% 0.10% | I52: 4MIO | J52: 정기예금 | K52: 7-10 09:30 기준 (1m-SMTB HK, 3m-SMBC , 6M-SMBC)
A53: 49 | B53: 44025 | C53: 중동지점 | D53: 대리 김진아 | E53: ㈜동화인더스트리 | F53: 44025 | G53: 1M 3M 6M | H53: 0.05% 0.10% 0.10% | I53: 4MIO | J53: 정기예금 | K53: 7-13 09:25 기준 (1m-SMTB HK, 3m-SMTB HK , 6M-SMBC TK)
A54: 50 | B54: 44026 | C54: 서울영업부 | D54: 차장 정상국 | E54: 현대미포조선 | F54: 44028 | G54: 1M 2M 3M 6M | H54: 0.08% 0.00% 0.05% 0.28% | I54: 10MIO | J54: 정기예금 | K54: 7-14 14:25 기준 (1m-SMTB HK, 3m-SMBC TK, 6M-산업 싱가폴)
A55: 51 | B55: 44027 | C55: 센텀시티지점 | D55: 대리 김진화 | E55: 현대 2차 계열사 | F55: 미정 | G55: 1M 2M 3M 6M | H55: 0.00% 0.00% 0.10% 0.10% | I55: 3MIO | J55: 정기예금 | K55: 7-15 10:45 기준 (3m-시즈오카 동경, 6M-SMBC 동경)
A56: 52 | B56: 44027 | C56: 서대구지점 | D56: 계장 이초롱 | F56: 44027 | G56: 1M 2M 3M 6M | H56: 0.00% 0.00% 0.10% 0.10% | I56: 2MIO | J56: 정기예금 | K56: 7-15 10:45 기준 (3m-시즈오카 동경, 6M-SMBC 동경)
A57: 53 | B57: 44032 | C57: 센텀시티지점 | D57: 대리 김진화 | E57: 현대 2차 계열사 | F57: 미정 | G57: 1M 2M 3M 6M | H57: 0.04% 0.05% 0.10% 0.10% | I57: 3MIO | J57: 정기예금 | K57: 7-20 12:15 기준 (1m-smtb hk ,2m- smtb hk, 3m-시즈오카 동경, 6M-SMBC 동경)
A58: 54 | B58: 44033 | C58: 강남영업부 | D58: 부지점장 박진호 | F58: 미정 | G58: 3M | H58: 0.001 | I58: 1~2MIO | J58: 정기예금 | K58: 7-21 14:30 기준 (3m-시즈오카 동경)
A59: 55 | B59: 44034 | C59: 성서비지니스센터 | D59: 계장 백승엽 | F59: 44034 | G59: 3M | H59: 0.001 | I59: 1MIO | J59: 정기예금 | K59: 7-22 11:00 기준 (3m-시즈오카 동경)
A60: 56 | B60: 44039 | C60: 센텀시티지점 | D60: 대리 김진화 | E60: 현대 2차 계열사 | F60: 미정 | G60: 1M 2M 3M 6M | H60: 0.00% 0.00% 0.10% 0.10% | I60: 3MIO | J60: 정기예금 | K60: 7-20 12:15 기준 (3m-시즈오카 동경, 6M-SMBC 동경)
A61: 57 | B61: 44046 | C61: 센텀시티지점 | D61: 대리 김진화 | E61: 현대 2차 계열사 | F61: 미정 | G61: 1M 2M 3M 6M | H61: 0.00% 0.08% 0.08% 0.10% | I61: 3MIO | J61: 정기예금 | K61: 8-3 13:10 기준
A62: 58 | B62: 44055 | C62: 중동지점 | D62: 대리 권현경 | E62: 동아인더스트리 | F62: 44056 | G62: 1M 3M 6M | H62: 0.00% 0.08% 0.08% | I62: 4MIO | J62: 정기예금 | K62: 8-13 09:30 기준
A63: 59 | B63: 44062 | C63: 센텀시티지점 | D63: 대리 김진화 | E63: 현대 2차 계열사 | F63: 미정 | G63: 1M 2M 3M 6M | H63: 0.00% 0.08% 0.08% 0.08% | I63: 3MIO | J63: 정기예금 | K63: 7-20 12:15 기준 (3m-시즈오카 동경, 6M-SMBC 동경)
A64: 60 | B64: 44068 | C64: 성서공단영업부 | D64: 차장 한지숙 | E64: 보림엘텍 | F64: 44069 | G64: 1M 2M 3M | H64: 0.02% 0.12% 0.08% | I64: 1MIO | J64: 정기예금 | K64: 8-25 11:30 기준 (1m-SMTB HK, 2M-SMTB HK, 3M-시즈오카 동경)
A65: 61 | B65: 44090 | C65: 센텀시티지점 | D65: 대리 김진화 | E65: 현대 2차 계열사 | F65: 미정 | G65: 1M 2M 3M 6M | H65: 0.08% 0.12% 0.10% 0.05% | I65: 3MIO | J65: 정기예금 | K65: 9-16 10:50 기준 (1m-SMTB HK, 2M- SMTB HK, 3m-미즈호 서울, 6M-SMBC 동경)
A66: 62 | B66: 44099 | C66: 센텀시티지점 | D66: 대리 김진화 | E66: 현대 2차 계열사 | F66: 미정 | G66: 1M 2M 3M 6M | H66: 0.00% 0.01% 0.10% 0.03% | I66: 3MIO | J66: 정기예금 | K66: 9-25 16:30 기준 (2M- 시즈오카 동경, 3m-미즈호 서울, 6M-SMBC 동경)
A67: 63 | B67: 44110 | C67: 서대구지점 | D67: 계장 이초롱 | F67: 미정 | G67: 1M 2M 3M 6M | H67: 0.05% 0.06% 0.14% 0.02% | I67: 2MIO | J67: 정기예금 | K67: 10-06 12:50기준 (1m- smtb hk, 2m- smtb hk, 3m-smtb hk, 6M-SMBC 동경)
A68: 64 | B68: 44111 | C68: 달성공단영업부 | D68: 계장 박계령 | E68: ㈜동아홀딩스 | F68: 44112 | G68: 3M | H68: 0.0005 | I68: 2MIO | K68: 10-07 10:30 기준 (3m-미즈호 서울)
A69: 65 | B69: 44112 | C69: 달성공단영업부 | D69: 계장 박계령 | E69: ㈜동아홀딩스 | F69: 44112 | G69: 3M | H69: 0.001 | I69: 2MIO | K69: 10-08 14:00 기준 (3m-미즈호 서울)
A70: 66 | B70: 44120 | C70: 센텀시티지점 | D70: 대리 김진화 | E70: 현대 2차 계열사 | F70: 미정 | G70: 1M 2M 3M 6M | H70: 0.01% 0.03% 0.15% 0.13% | I70: 3MIO | J70: 정기예금 | K70: 10-16 09:30 기준 (1m-SMTB HK, 2M- SMTB HK, 3m-SMTB HK, 6M-미즈호서울)
A71: 67 | B71: 44126 | C71: 성서비지니스센터 | D71: 대리 이세웅 | E71: 코닉스 | F71: 44126 | G71: 3M | H71: 0.0013 | I71: 1MIO | J71: 정기예금 | K71: 10-22 10:20 기준 (3m-smtbhk)
A72: 68 | B72: 44127 | C72: 센텀시티지점 | D72: 대리 김진화 | E72: 현대 2차 계열사 | F72: 미정 | G72: 1M 2M 3M 6M | H72: 0.00% 0.00% 0.12% 0.20% | I72: 3MIO | J72: 정기예금 | K72: 10-23 10:25 기준 (3m-SMTB HK, 6M-산업홍콩법인)
A73: 69 | B73: 44140 | C73: 달성공단영업부 | D73: 계장 박계령 | G73: 1M 2M 3M 6M 12M | H73: 0.00% 0.14% 0.10% 0.20% - | I73: 3MIO | K73: 11-05 15:30 기준 (2M- SMTB HK, 3m-SMTB HK, 6M-산업홍콩)
A74: 70 | B74: 44145 | C74: 센텀시티지점 | D74: 대리 김진화 | E74: 현대 2차 계열사 | F74: 미정 | G74: 1M 2M 3M 6M | H74: 0.00% 0.05% 0.10% 0.01% | I74: 3MIO | J74: 정기예금 | K74: 11-10 13:40 기준 (2m - 레조나 동경, 3m-SMTB HK, 6M-smbc)
A75: 71 | B75: 44165 | C75: 센텀시티지점 | D75: 대리 김진화 | E75: 현대 2차 계열사 | F75: 미정 | G75: 1M 2M 3M 6M | H75: 0.10% 0.07% 0.07% 0.01% | I75: 3MIO | J75: 정기예금 | K75: 11-30 14:00 기준 (1m - 시즈오카동경 & smtbhk, 2m - 시즈오카 동경, 3m - 시즈오카 동경 , 6M - smbc)
A76: 72 | B76: 44181 | C76: 센텀시티지점 | D76: 대리 김진화 | E76: 현대 2차 계열사 | F76: 미정 | G76: 2M 3M 6M | H76: 0.10% 0.05% 0.00% | I76: 3MIO | J76: 정기예금 | K76: 12-16 13:30 기준 (2m - 시즈오카 동경, 3m - 시즈오카 동경)
A77: 73 | B77: 44182 | C77: 달성공단영업부 | D77: 계장 박계령 | F77: 44182 | G77: 3M | H77: 0.0005 | I77: 2.5MIO | J77: 정기예금 | K77: 12-17 16:20 기준 (3m-시즈오카동경 0.25)
A78: 74 | B78: 44183 | C78: 중산지점 | D78: 부지점장 오창용 | F78: 44186 | G78: 1M 2M 3M 6M | H78: 0.15% 0.10% 0.05% 0.01% | J78: 정기예금 | K78: 12-18 09:30 기준 (1m - 시즈오카동경 0.40, 2m - 시즈오카 동경 0.35, 3m - 시즈오카 동경 0.25 , 6M - smbc 0.21)
A79: 75 | B79: 44188 | C79: 성서3단지영업부 | D79: 계장 김재욱 | G79: 1M 2M 3M 6M | H79: 0.10% 0.10% 0.05% 0.00% | I79: 3MIO | J79: 정기예금 | K79: 12-23 17:00 기준 (1m - 시즈오카동경 0.35, 2m - 시즈오카 동경 0.30, 3m - 시즈오카 동경 0.25) 1년 문의하였으나 6개월뒤 리셋설명 + 6개월 우대금리 없음을 설명함
A80: 76 | B80: 44189 | C80: 성서3단지영업부 | D80: 부지점장 최익록 | G80: 1M 2M 3M 6M | H80: 0.10% 0.10% 0.05% 0.00% | I80: 3MIO | J80: 정기예금 | K80: 12-24 09:30 기준 (1m - 시즈오카동경 0.35, 2m - 시즈오카 동경 0.30, 3m - 시즈오카 동경 0.25) 1년 문의하였으나 6개월뒤 리셋설명 + 6개월 우대금리 없음을 설명함
A81: 77 | B81: 44189 | C81: 센텀시티지점 | D81: 대리 김진화 | E81: 현대 2차 계열사 | F81: 미정 | G81: 2M 3M 6M | H81: 0.10% 0.05% 0.01% | I81: 3MIO | J81: 정기예금 | K81: 12-24 15:00 기준 (2m - 시즈오카 동경, 3m - 시즈오카 동경, 6m - smbc 동경)
A82: 78 | B82: 44204 | C82: 달성공단영업부 | D82: 계장 박계령 | F82: 44204 | G82: 3M | H82: 0.0005 | I82: 2.5MIO | J82: 정기예금 | K82: 01-08 15:00 기준 (3m-시즈오카동경 0.25)
A83: 79 | B83: 44221 | C83: 성서비지니스센터 | D83: 대리 이세웅 | E83: 코닉스 | F83: 44221 | G83: 3M | H83: 0.0008 | I83: 1MIO | J83: 정기예금 | K83: 1-25 09:30 기준 (3m-시즈오카 동경 0.28)
A84: 80 | B84: 44229 | C84: 강남영업부 | D84: 부지점장 박효정 | F84: 미정 | G84: MMDA 1M 2M 3M | H84: 0.00% 0.00% 0.05% 0.06% | I84: 5MIO | K84: 2-2 16:30 2m - 시즈오카 동경 0.25 , 3m - 시즈오카 동경 0.26)
A85: 81 | B85: 44236 | C85: 강남영업부 | D85: 금융지점장 문명숙 | F85: 미정 | G85: 3M 6M 12M | H85: 0.05% 0.00% 0.00% | K85: 2-9 10:30 3m - 시즈오카 동경 0.25 6개월 12개월 운용가능 금리 없음. 12개월 정기예금은 6개월 뒤 리셋관련 내용 설명드림.
A86: 82 | B86: 44246 | C86: 강남영업부 | D86: 부지점장 박효정 | F86: 미정 | G86: 1M 2M 3M | H86: 0.00% 0.05% 0.05% | I86: 5MIO | K86: 2-19 09:30 2m - 시즈오카 동경 0.25 , 3m - 시즈오카 동경 0.25)
A87: 83 | B87: 44260 | C87: 중동지점 | D87: 대리 김진아 | E87: ㈜동화인더스트리 | F87: 미정 | G87: 1M 2M 3M 6M | H87: 0.00% 0.05% 0.06% 0.00% | I87: 2MIO | J87: 정기예금 | K87: 3-5 14:00기준 (2m-시즈오카 동경 0.26, 3m-시즈오카 동경 0.26)
A88: 84 | B88: 44265 | C88: 중동지점 | D88: 대리 권현경 | E88: ㈜동화인더스트리 | F88: 미정 | G88: 1M 3M 6M | H88: 0.05% 0.05% 0.00% | I88: 2MIO | J88: 정기예금 | K88: 3-10 14:00기준 (1m-시즈오카 동경 0.25, 3m-lbbw 0.25)
A89: 85 | B89: 44284 | C89: 달성공단영업부 | D89: 차장 곽동욱 | E89: 인터불고 | F89: 미정 | G89: 3M | H89: 0.0005 | I89: 1MIO | J89: 정기예금 | K89: 03-29 14:30 기준 (3m-미즈호 홍콩 0.25)
A90: 86 | B90: 44287 | C90: 중동지점 | D90: 대리 권현경 | F90: 미정 | G90: 1M 3M 6M | H90: 0.00% 0.07% 0.00% | J90: 정기예금 | K90: 4-1 13:00기준 (3m-미즈호 서울 0.27)
A91: 87 | B91: 44294 | C91: 달성공단영업부 | D91: 계장 박계령 | F91: 44294 | G91: 3M | H91: 0.0005 | I91: 2MIO | J91: 정기예금 | K91: 4-8 17:00 기준 (3m-보콤서울 & 광주은행 0.28)
A92: 88 | B92: 44343 | C92: 파동지점 | D92: 부지점장 마경진 | G92: 1M 3M 6M 12M | H92: 0.00% 0.03% 0.05% 0.00% | I92: 5~10 | K92: 콜론운용금리 없으나 eur/usd swap 재원 활용으로 3개월 6개월 금리 제시
A93: 89 | B93: 44364 | C93: 달성공단영업부 | D93: 차장 이선영 | E93: 인터불고 | F93: 44364 | G93: 3M | H93: 0.0003 | I93: 2.5MIO | J93: 정기예금 | K93: 콜론운용금리 없으나 eur/usd swap 재원 활용으로 3개월 금리 제시
A94: 90 | B94: 44383 | C94: 여의도지점 | D94: 부지점장 박후임 | F94: 미정 | G94: 3M | H94: 0.0003 | I94: 4MIO | J94: 정기예금 | K94: 콜론운용금리 없으나 eur/usd swap 재원 활용으로 3개월 금리 제시 & 타행평균금리(0.0339) 반영
A95: 91 | B95: 44399 | C95: 성서비지니스센터 | D95: 대리 이세웅 | E95: 코닉스 | F95: 44403 | G95: 3M | H95: 0.0003 | I95: 1MIO | J95: 정기예금 | K95: 콜론운용금리 없으나 eur/usd swap 재원 활용가능 1개월 금리 제시 & 타행평균금리(0.03313) 반영
A96: 92 | B96: 44445 | C96: 중동지점 | D96: 대리 박준형 | E96: ㈜동화인더스트리 | F96: 미정 | G96: 3M | H96: 0.0003 | I96: 2MIO | J96: 정기예금 | K96: 소액 매칭 없음 (콜론운용금리 없으나 eur/usd swap 재원 활용가능 1~3개월 운용금리 & 타행평균금리(0.03183) 반영)
A97: 93 | B97: 44494 | C97: 성서비지니스센터 | D97: 대리 이세웅 | E97: 코닉스 | F97: 44495 | G97: 3M | H97: 0.0003 | I97: 1MIO | J97: 정기예금 | K97: 콜론운용금리 없으나 eur/usd swap 재원 활용으로 3개월 금리 제시 & 타행평균금리(0.03014) 반영
A98: 94 | B98: 44586 | C98: 성서비지니스센터 | D98: 대리 이세웅 | E98: 코닉스 | F98: 44587 | G98: 3M | H98: 0.001 | I98: 1MIO | J98: 정기예금 | K98: 1-25 15:00 기준 (3m - 0.30 시즈오카 동경)
A99: 95 | B99: 44614 | C99: 양산지점 | D99: 지점장 박명환 | F99: 2022-3월 중 | G99: 1M 2M 3M 6M 9M 12M | H99: 0.00% 0.20% 0.30% 0.50% 0.65% 0.85% | I99: 5MIO | K99: 02-22 09:15 기준 (2M-시즈오카 0.40, 3m-시즈오카 0.50, 6M-시즈오카 0.85, 9M-SMTB HK 1.00, 12M-시즈오카 1.15)
A100: 96 | B100: 44636 | C100: 달성공단영업부 | D100: 차장 이선영 | E100: 인터불고 | F100: 44637 | G100: 3M | H100: 0.005 | I100: 2.5MIO | J100: 정기예금 | K100: 3-16 11:00 기준 (3m - 0.72 LBBW SL)
...

Sheet 결재용
C4: 외화예금 우대금리 승인명세
C5: 45931
P6: 담당 | Q6: 부장
A8: 번호 | B8: 신규/연장 | C8: 상품 | D8: 지점명 | E8: 고객명 | F8: 통화 | G8: 금액 | H8: 시작일자 | I8: 만기일자 | J8: 월수 | K8: 일수 | L8: 종합수익관리시스템 | O8: 고시금리 | P8: 우대금리 | Q8: 적용금리
L9: 내부금리 | M9: 지준비용률 | N9: 자금마진율
A11: 1 | B11: 연장 | C11: =K24 -> 정기예금 | D11: =C24 -> 중동지점 | E11: =F24 -> 동화인더스트리 | F11: USD | G11: =L24*1000000 -> 2000000 | H11: =G24 -> 46085 | I11: =H24 -> 46118 | J11: =J24 -> 1 | K11: =I11-H11 -> 33 | L11: =V24 -> 0.039655 | M11: =W24 -> 0.000793 | N11: =X24 -> 0.002586 | O11: =AE24 -> 0.030277 | P11: =AF24 -> 0.004223 | Q11: =AG24 -> 0.0345
A13: 2 | B13: 연장 | C13: =K26 -> 정기예금 | D13: =C26 -> 경산공단영업부 | E13: =F26 -> ㈜일지테크 | F13: USD | G13: =L26*1000000 -> 2000000 | H13: =G26 -> 45940 | I13: =H26 -> 45947 | J13: =J26 -> 0 | K13: =I13-H13 -> 7 | L13: =V26 -> 0.043565 | M13: =W26 -> 0.00305 | N13: =X26 -> 0.003739 | O13: =AE26 -> 0.031876 | P13: =AF26 -> 0.003124 | Q13: =AG26 -> 0.035
A15: 3 | B15: 연장 | C15: =K28 -> 정기예금 | D15: =C28 -> 경산공단영업부 | E15: =F28 -> ㈜일지테크 | F15: USD | G15: =L28*1000000 -> 2000000 | H15: =G28 -> 45940 | I15: =H28 -> 45947 | J15: =J28 -> 0 | K15: =I15-H15 -> 7 | L15: =V28 -> 0.043565 | M15: =W28 -> 0.00305 | N15: =X28 -> 0.003739 | O15: =AE28 -> 0.031876 | P15: =AF28 -> 0.003124 | Q15: =AG28 -> 0.035
A17: 4 | B17: 연장 | C17: =K30 -> MMDA | D17: =C30 -> 성남영업부 | E17: =F30 -> ㈜이수스페셜티케미컬 | F17: USD | G17: =L30*1000000 -> 3170000 | H17: =G30 -> 45940 | I17: =H30 -> 45971 | J17: =J30 -> 1 | K17: =I17-H17 -> 31 | L17: =V30 -> 0.044165 | M17: =W30 -> 0.003092 | N17: =X30 -> 0.004297 | O17: =AE30 -> 0.029876 | P17: =AF30 -> 0.005124 | Q17: =AG30 -> 0.035
A19: 5 | B19: 연장 | C19: =K32 -> 0 | D19: =C32 -> 0 | E19: =F32 -> 0 | F19: USD | G19: =L32*1000000 -> 0 | H19: =G32 -> 0 | I19: =H32 -> 0 | J19: =J32 -> 0 | K19: =I19-H19 -> 0 | L19: =V32 -> 0 | M19: =W32 -> 0 | N19: =X32 -> 0 | O19: =AE32 -> 0 | P19: =AF32 -> 0 | Q19: =AG32 -> 0
A21: 6 | B21: 연장 | C21: =K34 -> 0 | D21: =C34 -> 0 | E21: =F34 -> 0 | F21: USD | G21: =L34*1000000 -> 0 | H21: =G34 -> 0 | I21: =H34 -> 0 | J21: =J34 -> 0 | K21: =I21-H21 -> 0 | L21: =V34 -> 0 | M21: =W34 -> 0 | N21: =X34 -> 0 | O21: =AE34 -> 0 | P21: =AF34 -> 0 | Q21: =AG34 -> 0
A23: ↓ | B23: 값붙여넣기
A24: 632 | B24: 46085 | C24: 중동지점 | D24: 지점장 최재호 | E24: 대리 정준우 | F24: 동화인더스트리 | G24: 46085 | H24: 46118 | I24: 33 | J24: 1 | K24: 정기예금 | L24: 2 | O24: 1M | P24: 0.0367115 | R24: m | V24: 0.039655 | W24: 0.000793 | X24: 0.002586 | Y24: 0.030277 | Z24: 0.00172 | AA24: 0.002 | AB24: -0.00172 | AC24: -0.00372 | AD24: 0.0345 | AE24: 0.030277 | AF24: 0.004223 | AG24: 0.0345 | AH24: 46085 | AI24: 1 | AJ24: Y | AK24: 1m 3.75%
A25: 633 | B25: 46085 | C25: 죽전지점 | D25: 지점장 서민석 | E25: 과장 안영은 | F25: 거림테크주식회사 | G25: 46085 | H25: 46177 | I25: 92 | J25: 3 | K25: 정기예금 | L25: 2 | O25: 3M | P25: 0.0366804 | R25: m | V25: 0.041067 | W25: 0.000821 | X25: 0.00247 | Y25: 0.030946 | Z25: 0.00172 | AA25: 0.002 | AB25: -0.00172 | AC25: -0.00372 | AD25: 0.036 | AE25: 0.030946 | AF25: 0.005054 | AG25: 0.036 | AH25: 46085 | AI25: 2 | AJ25: Y | AK25: 3M 3.85%
A26: 468 | B26: 45940 | C26: 경산공단영업부 | D26: 지점장 박대연 | E26: 과장 최정식 | F26: ㈜일지테크 | G26: 45940 | H26: 45947 | I26: 7 | J26: 0 | K26: 정기예금 | L26: 2 | O26: 1W | P26: 0.0410504 | R26: m | V26: 0.043565 | W26: 0.00305 | X26: 0.003739 | Y26: 0.031876 | Z26: 0.00172 | AA26: 0.002 | AB26: -0.00172 | AC26: -0.00372 | AD26: 0.035 | AE26: 0.031876 | AF26: 0.003124 | AG26: 0.035 | AH26: 45940 | AI26: 3 | AJ26: Y | AK26: mmda 4.08
A27: 469 | B27: 45940 | C27: 경산공단영업부 | D27: 지점장 박대연 | E27: 과장 최정식 | F27: ㈜일지테크 | G27: 45940 | H27: 45947 | I27: 7 | J27: 0 | K27: 정기예금 | L27: 2 | O27: 1W | P27: 0.0410504 | R27: m | V27: 0.043565 | W27: 0.00305 | X27: 0.003739 | Y27: 0.031876 | Z27: 0.00172 | AA27: 0.002 | AB27: -0.00172 | AC27: -0.00372 | AD27: 0.035 | AE27: 0.031876 | AF27: 0.003124 | AG27: 0.035 | AH27: 45940 | AI27: 4 | AJ27: Y | AK27: mmda 4.08
A28: 470 | B28: 45940 | C28: 경산공단영업부 | D28: 지점장 박대연 | E28: 과장 최정식 | F28: ㈜일지테크 | G28: 45940 | H28: 45947 | I28: 7 | J28: 0 | K28: 정기예금 | L28: 2 | O28: 1W | P28: 0.0410504 | R28: m | V28: 0.043565 | W28: 0.00305 | X28: 0.003739 | Y28: 0.031876 | Z28: 0.00172 | AA28: 0.002 | AB28: -0.00172 | AC28: -0.00372 | AD28: 0.035 | AE28: 0.031876 | AF28: 0.003124 | AG28: 0.035 | AH28: 45940 | AI28: 5 | AJ28: Y | AK28: mmda 4.08
A29: 471 | B29: 45940 | C29: 성남영업부 | D29: 기업지점장 차찬호 | E29: 과장 장윤영 | F29: ㈜현대그린푸드 | G29: 45940 | H29: 45971 | I29: 31 | J29: 1 | K29: MMDA | L29: 2 | O29: 1M | P29: 0.0404771 | R29: m | V29: 0.044165 | W29: 0.003092 | X29: 0.004297 | Y29: 0.029876 | Z29: 0.00172 | AA29: 0.002 | AB29: -0.00172 | AC29: -0.00372 | AD29: 0.035 | AE29: 0.029876 | AF29: 0.005124 | AG29: 0.035 | AH29: 45940 | AI29: 6 | AJ29: Y | AK29: mmda 4.08
A30: 472 | B30: 45940 | C30: 성남영업부 | D30: 기업지점장 차찬호 | E30: 대리 김다예 | F30: ㈜이수스페셜티케미컬 | G30: 45940 | H30: 45971 | I30: 31 | J30: 1 | K30: MMDA | L30: 3.17 | O30: 1M | P30: 0.0404771 | R30: m | V30: 0.044165 | W30: 0.003092 | X30: 0.004297 | Y30: 0.029876 | Z30: 0.00172 | AA30: 0.002 | AB30: -0.00172 | AC30: -0.00372 | AD30: 0.035 | AE30: 0.029876 | AF30: 0.005124 | AG30: 0.035 | AH30: 45940 | AI30: 7 | AJ30: Y | AK30: mmda 4.08

Sheet FXSWAP계산기
B2: 입력란 | J2: 거래 내역 | P2: 통화등록란
B3: =IF($C$6="Buy/Sell",1,2) -> 2 | C3: =VLOOKUP($C$7,$R$7:$AA$43,2,FALSE()) -> E | F3: =C3&B3 -> E2 | P3: Near
R4: 1 | S4: 2 | T4: 3 | U4: 4 | V4: 5 | W4: 6 | X4: 7 | Y4: 8 | Z4: 9 | AA4: 10
T5: =IF(AND($C$3="A",$B$3=1),1,-1) -> -1 | U5: =IF(AND($C$3="A",$B$3=1),-1,1) -> 1 | V5: =IF(AND($C$3="A",$B$3=1),-1,1) -> 1 | W5: =IF(AND($C$3="A",$B$3=1),1,-1) -> -1
B6: 거래방향 | C6: Sell/Buy | J6: =M7&"/"&M10 -> USD/KRW | P6: 표시법 | Q6: 가격표시 | R6: 통화 | S6: 구분 | T6: Near Cur1 | U6: Near Cur2 | V6: Far Cur1 | W6: Far Cur2
B7: 거래통화 | C7: KRW | J7: Near Leg | K7: 1 | L7: =IF($L$8>0,"B",IF($L$8<0,"S","")) -> B | M7: =IF($C$3="A",$C$7,"USD") -> USD | P7: European | R7: KRW | S7: =LEFT(P7,1) -> E | T7: =IFERROR(IF(AND(R7=$C$7,S7="A"),$C$9,IF(AND(R7=$C$7,S7="E"),$C$9*$C$12,""))*$T$5,"") -> -1380000000 | U7: =IFERROR(IF(AND(R7=$C$7,S7="A"),$C$9*$C$12,IF(AND(R7=$C$7,S7="E"),$C$9,""))*$U$5,"") -> 1000000 | V7: =IFERROR(IF(AND(R7=$C$7,S7="A"),$C$9,IF(AND(R7=$C$7,S7="E"),$C$9*$C$14,""))*$V$5,"") -> 1380279000 | W7: =IFERROR(IF(AND(R7=$C$7,S7="A"),$C$9*$C$14,IF(AND(R7=$C$7,S7="E"),$C$9,""))*$W$5,"") -> -1000000
F8: USD | G8: =C7 -> KRW | L8: =IF($C$7="KRW",VLOOKUP($C$7,$R$7:$AA$43,4,FALSE()),VLOOKUP($C$7,$R$7:$AA$43,3,FALSE())) -> 1000000 | P8: American | R8: EUR | S8: =LEFT(P8,1) -> A | T8: =IFERROR(IF(AND(R8=$C$7,S8="A"),$C$9,IF(AND(R8=$C$7,S8="E"),$C$9/$C$12,""))*$T$5,"") | U8: =IFERROR(IF(AND(R8=$C$7,S8="A"),$C$9*$C$12,IF(AND(R8=$C$7,S8="E"),$C$9,""))*$U$5,"") | V8: =IFERROR(IF(AND(R8=$C$7,S8="A"),$C$9,IF(AND(R8=$C$7,S8="E"),$C$9/$C$14,""))*$V$5,"") | W8: =IFERROR(IF(AND(R8=$C$7,S8="A"),$C$9*$C$14,IF(AND(R8=$C$7,S8="E"),$C$9,""))*$W$5,"")
B9: =IF($C$7="KRW","USD",C7) -> USD | C9: 1000000 | F9: =IF($C$3="A",L11,L8) -> 1000000 | G9: =IF($C$3="A",L8,L11) -> -1380000000 | K9: Rate | L9: =$C$12 -> 1380 | P9: European | R9: JPY | S9: =LEFT(P9,1) -> E | T9: =IFERROR(IF(AND(R9=$C$7,S9="A"),$C$9,IF(AND(R9=$C$7,S9="E"),$C$9/$C$12,""))*$T$5,"") | U9: =IFERROR(IF(AND(R9=$C$7,S9="A"),$C$9*$C$12,IF(AND(R9=$C$7,S9="E"),$C$9,""))*$U$5,"") | V9: =IFERROR(IF(AND(R9=$C$7,S9="A"),$C$9,IF(AND(R9=$C$7,S9="E"),$C$9/$C$14,""))*$V$5,"") | W9: =IFERROR(IF(AND(R9=$C$7,S9="A"),$C$9*$C$14,IF(AND(R9=$C$7,S9="E"),$C$9,""))*$W$5,"")
B10: Near Date | C10: 45491 | K10: 2 | L10: =IF($L$11>0,"B",IF($L$11<0,"S","")) -> S | M10: =IF($C$3="E",$C$7,"USD") -> KRW | P10: American | R10: AUD | S10: =LEFT(P10,1) -> A | T10: =IFERROR(IF(AND(R10=$C$7,S10="A"),$C$9,IF(AND(R10=$C$7,S10="E"),$C$9/$C$12,""))*$T$5,"") | U10: =IFERROR(IF(AND(R10=$C$7,S10="A"),$C$9*$C$12,IF(AND(R10=$C$7,S10="E"),$C$9,""))*$U$5,"") | V10: =IFERROR(IF(AND(R10=$C$7,S10="A"),$C$9,IF(AND(R10=$C$7,S10="E"),$C$9/$C$14,""))*$V$5,"") | W10: =IFERROR(IF(AND(R10=$C$7,S10="A"),$C$9*$C$14,IF(AND(R10=$C$7,S10="E"),$C$9,""))*$W$5,"")
B11: Far Date | C11: 45856 | L11: =IF($C$7="KRW",VLOOKUP($C$7,$R$7:$AA$43,3,FALSE()),VLOOKUP($C$7,$R$7:$AA$43,4,FALSE())) -> -1380000000 | P11: European | R11: CHF | S11: =LEFT(P11,1) -> E | T11: =IFERROR(IF(AND(R11=$C$7,S11="A"),$C$9,IF(AND(R11=$C$7,S11="E"),$C$9/$C$12,""))*$T$5,"") | U11: =IFERROR(IF(AND(R11=$C$7,S11="A"),$C$9*$C$12,IF(AND(R11=$C$7,S11="E"),$C$9,""))*$U$5,"") | V11: =IFERROR(IF(AND(R11=$C$7,S11="A"),$C$9,IF(AND(R11=$C$7,S11="E"),$C$9/$C$14,""))*$V$5,"") | W11: =IFERROR(IF(AND(R11=$C$7,S11="A"),$C$9*$C$14,IF(AND(R11=$C$7,S11="E"),$C$9,""))*$W$5,"")
B12: Near Leg Rate | C12: 1380 | J12: Far Leg | K12: 1 | L12: =IF($L$13>0,"B",IF($L$13<0,"S","")) -> S | M12: =M7 -> USD | P12: European | R12: DKK | S12: =LEFT(P12,1) -> E | T12: =IFERROR(IF(AND(R12=$C$7,S12="A"),$C$9,IF(AND(R12=$C$7,S12="E"),$C$9/$C$12,""))*$T$5,"") | U12: =IFERROR(IF(AND(R12=$C$7,S12="A"),$C$9*$C$12,IF(AND(R12=$C$7,S12="E"),$C$9,""))*$U$5,"") | V12: =IFERROR(IF(AND(R12=$C$7,S12="A"),$C$9,IF(AND(R12=$C$7,S12="E"),$C$9/$C$14,""))*$V$5,"") | W12: =IFERROR(IF(AND(R12=$C$7,S12="A"),$C$9*$C$14,IF(AND(R12=$C$7,S12="E"),$C$9,""))*$W$5,"")
B13: Swap Point | C13: 27.9 | F13: =IF($C$7="KRW",$C$13*100,$C$13) -> 2790 | L13: =IF($C$7="KRW",VLOOKUP($C$7,$R$7:$AA$43,6,FALSE()),VLOOKUP($C$7,$R$7:$AA$43,5,FALSE())) -> -1000000 | P13: American | R13: GBP | S13: =LEFT(P13,1) -> A | T13: =IFERROR(IF(AND(R13=$C$7,S13="A"),$C$9,IF(AND(R13=$C$7,S13="E"),$C$9/$C$12,""))*$T$5,"") | U13: =IFERROR(IF(AND(R13=$C$7,S13="A"),$C$9*$C$12,IF(AND(R13=$C$7,S13="E"),$C$9,""))*$U$5,"") | V13: =IFERROR(IF(AND(R13=$C$7,S13="A"),$C$9,IF(AND(R13=$C$7,S13="E"),$C$9/$C$14,""))*$V$5,"") | W13: =IFERROR(IF(AND(R13=$C$7,S13="A"),$C$9*$C$14,IF(AND(R13=$C$7,S13="E"),$C$9,""))*$W$5,"")
B14: Far Leg Rate | C14: =C12+F13/10000 -> 1380.279 | K14: Rate | L14: =$C$14 -> 1380.279 | P14: European | R14: SAR | S14: =LEFT(P14,1) -> E | T14: =IFERROR(IF(AND(R14=$C$7,S14="A"),$C$9,IF(AND(R14=$C$7,S14="E"),$C$9/$C$12,""))*$T$5,"") | U14: =IFERROR(IF(AND(R14=$C$7,S14="A"),$C$9*$C$12,IF(AND(R14=$C$7,S14="E"),$C$9,""))*$U$5,"") | V14: =IFERROR(IF(AND(R14=$C$7,S14="A"),$C$9,IF(AND(R14=$C$7,S14="E"),$C$9/$C$14,""))*$V$5,"") | W14: =IFERROR(IF(AND(R14=$C$7,S14="A"),$C$9*$C$14,IF(AND(R14=$C$7,S14="E"),$C$9,""))*$W$5,"")
K15: 2 | L15: =IF($L$16>0,"B",IF($L$16<0,"S","")) -> B | M15: =M10 -> KRW | P15: European | R15: SEK | S15: =LEFT(P15,1) -> E | T15: =IFERROR(IF(AND(R15=$C$7,S15="A"),$C$9,IF(AND(R15=$C$7,S15="E"),$C$9/$C$12,""))*$T$5,"") | U15: =IFERROR(IF(AND(R15=$C$7,S15="A"),$C$9*$C$12,IF(AND(R15=$C$7,S15="E"),$C$9,""))*$U$5,"") | V15: =IFERROR(IF(AND(R15=$C$7,S15="A"),$C$9,IF(AND(R15=$C$7,S15="E"),$C$9/$C$14,""))*$V$5,"") | W15: =IFERROR(IF(AND(R15=$C$7,S15="A"),$C$9*$C$14,IF(AND(R15=$C$7,S15="E"),$C$9,""))*$W$5,"")
B16: 고금리 통화 | C16: =IF(C13>0,M10,IF(C13=0,"동일",M7)) -> KRW | L16: =IF($C$7="KRW",VLOOKUP($C$7,$R$7:$AA$43,5,FALSE()),VLOOKUP($C$7,$R$7:$AA$43,6,FALSE())) -> 1380279000 | P16: European | R16: SGD | S16: =LEFT(P16,1) -> E | T16: =IFERROR(IF(AND(R16=$C$7,S16="A"),$C$9,IF(AND(R16=$C$7,S16="E"),$C$9/$C$12,""))*$T$5,"") | U16: =IFERROR(IF(AND(R16=$C$7,S16="A"),$C$9*$C$12,IF(AND(R16=$C$7,S16="E"),$C$9,""))*$U$5,"") | V16: =IFERROR(IF(AND(R16=$C$7,S16="A"),$C$9,IF(AND(R16=$C$7,S16="E"),$C$9/$C$14,""))*$V$5,"") | W16: =IFERROR(IF(AND(R16=$C$7,S16="A"),$C$9*$C$14,IF(AND(R16=$C$7,S16="E"),$C$9,""))*$W$5,"")
B17: 저금리 통화 | C17: =IF(C13>0,M7,IF(C13=0,"동일",M10)) -> USD | J17: 기간 | L17: =C11-C10 -> 365 | P17: European | R17: THB | S17: =LEFT(P17,1) -> E | T17: =IFERROR(IF(AND(R17=$C$7,S17="A"),$C$9,IF(AND(R17=$C$7,S17="E"),$C$9/$C$12,""))*$T$5,"") | U17: =IFERROR(IF(AND(R17=$C$7,S17="A"),$C$9*$C$12,IF(AND(R17=$C$7,S17="E"),$C$9,""))*$U$5,"") | V17: =IFERROR(IF(AND(R17=$C$7,S17="A"),$C$9,IF(AND(R17=$C$7,S17="E"),$C$9/$C$14,""))*$V$5,"") | W17: =IFERROR(IF(AND(R17=$C$7,S17="A"),$C$9*$C$14,IF(AND(R17=$C$7,S17="E"),$C$9,""))*$W$5,"")
J18: 스왑포인트 | L18: =C13 -> 27.9 | P18: American | R18: NZD | S18: =LEFT(P18,1) -> A | T18: =IFERROR(IF(AND(R18=$C$7,S18="A"),$C$9,IF(AND(R18=$C$7,S18="E"),$C$9/$C$12,""))*$T$5,"") | U18: =IFERROR(IF(AND(R18=$C$7,S18="A"),$C$9*$C$12,IF(AND(R18=$C$7,S18="E"),$C$9,""))*$U$5,"") | V18: =IFERROR(IF(AND(R18=$C$7,S18="A"),$C$9,IF(AND(R18=$C$7,S18="E"),$C$9/$C$14,""))*$V$5,"") | W18: =IFERROR(IF(AND(R18=$C$7,S18="A"),$C$9*$C$14,IF(AND(R18=$C$7,S18="E"),$C$9,""))*$W$5,"")
B19: USD/KRW 환율 | C19: 1380 | J19: 스왑 비이자손익 | L19: =IF($C$3="A",M10,IF($C$3="E",M7,"")) -> USD | M19: =IF($C$7="KRW",(($L$11+$L$16)/$C$19),IF($C$3="A",(L16+L11),IF($C$3="E",(L8+L13),""))) -> 202.17391 | P19: European | R19: HKD | S19: =LEFT(P19,1) -> E | T19: =IFERROR(IF(AND(R19=$C$7,S19="A"),$C$9,IF(AND(R19=$C$7,S19="E"),$C$9/$C$12,""))*$T$5,"") | U19: =IFERROR(IF(AND(R19=$C$7,S19="A"),$C$9*$C$12,IF(AND(R19=$C$7,S19="E"),$C$9,""))*$U$5,"") | V19: =IFERROR(IF(AND(R19=$C$7,S19="A"),$C$9,IF(AND(R19=$C$7,S19="E"),$C$9/$C$14,""))*$V$5,"") | W19: =IFERROR(IF(AND(R19=$C$7,S19="A"),$C$9*$C$14,IF(AND(R19=$C$7,S19="E"),$C$9,""))*$W$5,"")
B20: USD 운용금리 | C20: 0.0532 | E20: 1 | F20: =ABS($F$9*C20/365*$L$17) -> 53200 | G20: =IF($F$3="A1",-$F$21,IF($F$3="A2",$F$20,IF($F$3="E1",$F$20,IF($F$3="E2",-$F$21,"")))) -> -53500 | L20: KRW | M20: =$M$19*$C$19 -> 279000 | P20: European | R20: NOK | S20: =LEFT(P20,1) -> E | T20: =IFERROR(IF(AND(R20=$C$7,S20="A"),$C$9,IF(AND(R20=$C$7,S20="E"),$C$9/$C$12,""))*$T$5,"") | U20: =IFERROR(IF(AND(R20=$C$7,S20="A"),$C$9*$C$12,IF(AND(R20=$C$7,S20="E"),$C$9,""))*$U$5,"") | V20: =IFERROR(IF(AND(R20=$C$7,S20="A"),$C$9,IF(AND(R20=$C$7,S20="E"),$C$9/$C$14,""))*$V$5,"") | W20: =IFERROR(IF(AND(R20=$C$7,S20="A"),$C$9*$C$14,IF(AND(R20=$C$7,S20="E"),$C$9,""))*$W$5,"")
B21: USD 조달금리 | C21: 0.0535 | E21: 2 | F21: =ABS($F$9*C21/365*$L$17) -> 53500 | J21: 연환산금리 | L21: =ABS($M$19*360/$L$17/IF($C$7="KRW",$L$8,$L$11)) -> 0.00019940441 | P21: European | R21: CAD | S21: =LEFT(P21,1) -> E | T21: =IFERROR(IF(AND(R21=$C$7,S21="A"),$C$9,IF(AND(R21=$C$7,S21="E"),$C$9/$C$12,""))*$T$5,"") | U21: =IFERROR(IF(AND(R21=$C$7,S21="A"),$C$9*$C$12,IF(AND(R21=$C$7,S21="E"),$C$9,""))*$U$5,"") | V21: =IFERROR(IF(AND(R21=$C$7,S21="A"),$C$9,IF(AND(R21=$C$7,S21="E"),$C$9/$C$14,""))*$V$5,"") | W21: =IFERROR(IF(AND(R21=$C$7,S21="A"),$C$9*$C$14,IF(AND(R21=$C$7,S21="E"),$C$9,""))*$W$5,"")
B22: USD SOFR | C22: 0.0528201 | E22: 3 | F22: =ABS($F$9*C22/365*$L$17) -> 52820.1 | J22: 순 손익 (운용 - 조달 ± 스왑) | L22: =IF($C$3="A",M10,IF($C$3="E",M7,"")) -> USD | M22: =IF($C$7="KRW",(($L$11+$L$16)/$C$19),IF($C$3="A",(L16+L11),IF($C$3="E",(L8+L13),"")))+G20 -> -53297.826 | S22: =LEFT(P22,1) | T22: =IFERROR(IF(AND(R22=$C$7,S22="A"),$C$9,IF(AND(R22=$C$7,S22="E"),$C$9/$C$12,""))*$T$5,"") | U22: =IFERROR(IF(AND(R22=$C$7,S22="A"),$C$9*$C$12,IF(AND(R22=$C$7,S22="E"),$C$9,""))*$U$5,"") | V22: =IFERROR(IF(AND(R22=$C$7,S22="A"),$C$9,IF(AND(R22=$C$7,S22="E"),$C$9/$C$14,""))*$V$5,"") | W22: =IFERROR(IF(AND(R22=$C$7,S22="A"),$C$9*$C$14,IF(AND(R22=$C$7,S22="E"),$C$9,""))*$W$5,"")
L23: KRW | M23: =$M$22*$C$19 -> -73551000 | S23: =LEFT(P23,1) | T23: =IFERROR(IF(AND(R23=$C$7,S23="A"),$C$9,IF(AND(R23=$C$7,S23="E"),$C$9/$C$12,""))*$T$5,"") | U23: =IFERROR(IF(AND(R23=$C$7,S23="A"),$C$9*$C$12,IF(AND(R23=$C$7,S23="E"),$C$9,""))*$U$5,"") | V23: =IFERROR(IF(AND(R23=$C$7,S23="A"),$C$9,IF(AND(R23=$C$7,S23="E"),$C$9/$C$14,""))*$V$5,"") | W23: =IFERROR(IF(AND(R23=$C$7,S23="A"),$C$9*$C$14,IF(AND(R23=$C$7,S23="E"),$C$9,""))*$W$5,"")
B24: =C7 -> KRW | C24: 0.035 | E24: 4 | J24: 연환산금리 | L24: =ABS($M$22*360/$L$17/$L$11) -> 3.809255e-05 | S24: =LEFT(P24,1) | T24: =IFERROR(IF(AND(R24=$C$7,S24="A"),$C$9,IF(AND(R24=$C$7,S24="E"),$C$9/$C$12,""))*$T$5,"") | U24: =IFERROR(IF(AND(R24=$C$7,S24="A"),$C$9*$C$12,IF(AND(R24=$C$7,S24="E"),$C$9,""))*$U$5,"") | V24: =IFERROR(IF(AND(R24=$C$7,S24="A"),$C$9,IF(AND(R24=$C$7,S24="E"),$C$9/$C$14,""))*$V$5,"") | W24: =IFERROR(IF(AND(R24=$C$7,S24="A"),$C$9*$C$14,IF(AND(R24=$C$7,S24="E"),$C$9,""))*$W$5,"")
B25: =C7 -> KRW | C25: 0.035 | E25: 5 | S25: =LEFT(P25,1) | T25: =IFERROR(IF(AND(R25=$C$7,S25="A"),$C$9,IF(AND(R25=$C$7,S25="E"),$C$9/$C$12,""))*$T$5,"") | U25: =IFERROR(IF(AND(R25=$C$7,S25="A"),$C$9*$C$12,IF(AND(R25=$C$7,S25="E"),$C$9,""))*$U$5,"") | V25: =IFERROR(IF(AND(R25=$C$7,S25="A"),$C$9,IF(AND(R25=$C$7,S25="E"),$C$9/$C$14,""))*$V$5,"") | W25: =IFERROR(IF(AND(R25=$C$7,S25="A"),$C$9*$C$14,IF(AND(R25=$C$7,S25="E"),$C$9,""))*$W$5,"")
S26: =LEFT(P26,1) | T26: =IFERROR(IF(AND(R26=$C$7,S26="A"),$C$9,IF(AND(R26=$C$7,S26="E"),$C$9/$C$12,""))*$T$5,"") | U26: =IFERROR(IF(AND(R26=$C$7,S26="A"),$C$9*$C$12,IF(AND(R26=$C$7,S26="E"),$C$9,""))*$U$5,"") | V26: =IFERROR(IF(AND(R26=$C$7,S26="A"),$C$9,IF(AND(R26=$C$7,S26="E"),$C$9/$C$14,""))*$V$5,"") | W26: =IFERROR(IF(AND(R26=$C$7,S26="A"),$C$9*$C$14,IF(AND(R26=$C$7,S26="E"),$C$9,""))*$W$5,"")
B27: ※ Swap Point 입력 방법 | S27: =LEFT(P27,1) | T27: =IFERROR(IF(AND(R27=$C$7,S27="A"),$C$9,IF(AND(R27=$C$7,S27="E"),$C$9/$C$12,""))*$T$5,"") | U27: =IFERROR(IF(AND(R27=$C$7,S27="A"),$C$9*$C$12,IF(AND(R27=$C$7,S27="E"),$C$9,""))*$U$5,"") | V27: =IFERROR(IF(AND(R27=$C$7,S27="A"),$C$9,IF(AND(R27=$C$7,S27="E"),$C$9/$C$14,""))*$V$5,"") | W27: =IFERROR(IF(AND(R27=$C$7,S27="A"),$C$9*$C$14,IF(AND(R27=$C$7,S27="E"),$C$9,""))*$W$5,"")
B28: USD/KRW : 0,000.01 = 100bp 로 입력 | S28: =LEFT(P28,1) | T28: =IFERROR(IF(AND(R28=$C$7,S28="A"),$C$9,IF(AND(R28=$C$7,S28="E"),$C$9/$C$12,""))*$T$5,"") | U28: =IFERROR(IF(AND(R28=$C$7,S28="A"),$C$9*$C$12,IF(AND(R28=$C$7,S28="E"),$C$9,""))*$U$5,"") | V28: =IFERROR(IF(AND(R28=$C$7,S28="A"),$C$9,IF(AND(R28=$C$7,S28="E"),$C$9/$C$14,""))*$V$5,"") | W28: =IFERROR(IF(AND(R28=$C$7,S28="A"),$C$9*$C$14,IF(AND(R28=$C$7,S28="E"),$C$9,""))*$W$5,"")
B29: 그 외통화 : 0.00010000 = 1bp 로 입력 | S29: =LEFT(P29,1) | T29: =IFERROR(IF(AND(R29=$C$7,S29="A"),$C$9,IF(AND(R29=$C$7,S29="E"),$C$9/$C$12,""))*$T$5,"") | U29: =IFERROR(IF(AND(R29=$C$7,S29="A"),$C$9*$C$12,IF(AND(R29=$C$7,S29="E"),$C$9,""))*$U$5,"") | V29: =IFERROR(IF(AND(R29=$C$7,S29="A"),$C$9,IF(AND(R29=$C$7,S29="E"),$C$9/$C$14,""))*$V$5,"") | W29: =IFERROR(IF(AND(R29=$C$7,S29="A"),$C$9*$C$14,IF(AND(R29=$C$7,S29="E"),$C$9,""))*$W$5,"") | X29: =IF(S29="E",$C$9,"") | Y29: =IF(S29="A",$C$9,"") | Z29: =IFERROR(X29*$C$14,"") | AA29: =IFERROR(Y29*$C$14,"")
S30: =LEFT(P30,1) | T30: =IFERROR(IF(AND(R30=$C$7,S30="A"),$C$9,IF(AND(R30=$C$7,S30="E"),$C$9/$C$12,""))*$T$5,"") | U30: =IFERROR(IF(AND(R30=$C$7,S30="A"),$C$9*$C$12,IF(AND(R30=$C$7,S30="E"),$C$9,""))*$U$5,"") | V30: =IFERROR(IF(AND(R30=$C$7,S30="A"),$C$9,IF(AND(R30=$C$7,S30="E"),$C$9/$C$14,""))*$V$5,"") | W30: =IFERROR(IF(AND(R30=$C$7,S30="A"),$C$9*$C$14,IF(AND(R30=$C$7,S30="E"),$C$9,""))*$W$5,"") | X30: =IF(S30="E",$C$9,"") | Y30: =IF(S30="A",$C$9,"") | Z30: =IFERROR(X30*$C$14,"") | AA30: =IFERROR(Y30*$C$14,"")
S31: =LEFT(P31,1) | T31: =IFERROR(IF(AND(R31=$C$7,S31="A"),$C$9,IF(AND(R31=$C$7,S31="E"),$C$9/$C$12,""))*$T$5,"") | U31: =IFERROR(IF(AND(R31=$C$7,S31="A"),$C$9*$C$12,IF(AND(R31=$C$7,S31="E"),$C$9,""))*$U$5,"") | V31: =IFERROR(IF(AND(R31=$C$7,S31="A"),$C$9,IF(AND(R31=$C$7,S31="E"),$C$9/$C$14,""))*$V$5,"") | W31: =IFERROR(IF(AND(R31=$C$7,S31="A"),$C$9*$C$14,IF(AND(R31=$C$7,S31="E"),$C$9,""))*$W$5,"") | X31: =IF(S31="E",$C$9,"") | Y31: =IF(S31="A",$C$9,"") | Z31: =IFERROR(X31*$C$14,"") | AA31: =IFERROR(Y31*$C$14,"")
S32: =LEFT(P32,1) | T32: =IFERROR(IF(AND(R32=$C$7,S32="A"),$C$9,IF(AND(R32=$C$7,S32="E"),$C$9/$C$12,""))*$T$5,"") | U32: =IFERROR(IF(AND(R32=$C$7,S32="A"),$C$9*$C$12,IF(AND(R32=$C$7,S32="E"),$C$9,""))*$U$5,"") | V32: =IFERROR(IF(AND(R32=$C$7,S32="A"),$C$9,IF(AND(R32=$C$7,S32="E"),$C$9/$C$14,""))*$V$5,"") | W32: =IFERROR(IF(AND(R32=$C$7,S32="A"),$C$9*$C$14,IF(AND(R32=$C$7,S32="E"),$C$9,""))*$W$5,"") | X32: =IF(S32="E",$C$9,"") | Y32: =IF(S32="A",$C$9,"") | Z32: =IFERROR(X32*$C$14,"") | AA32: =IFERROR(Y32*$C$14,"")
S33: =LEFT(P33,1) | T33: =IFERROR(IF(AND(R33=$C$7,S33="A"),$C$9,IF(AND(R33=$C$7,S33="E"),$C$9/$C$12,""))*$T$5,"") | U33: =IFERROR(IF(AND(R33=$C$7,S33="A"),$C$9*$C$12,IF(AND(R33=$C$7,S33="E"),$C$9,""))*$U$5,"") | V33: =IFERROR(IF(AND(R33=$C$7,S33="A"),$C$9,IF(AND(R33=$C$7,S33="E"),$C$9/$C$14,""))*$V$5,"") | W33: =IFERROR(IF(AND(R33=$C$7,S33="A"),$C$9*$C$14,IF(AND(R33=$C$7,S33="E"),$C$9,""))*$W$5,"") | X33: =IF(S33="E",$C$9,"") | Y33: =IF(S33="A",$C$9,"") | Z33: =IFERROR(X33*$C$14,"") | AA33: =IFERROR(Y33*$C$14,"")
S34: =LEFT(P34,1) | T34: =IFERROR(IF(AND(R34=$C$7,S34="A"),$C$9,IF(AND(R34=$C$7,S34="E"),$C$9/$C$12,""))*$T$5,"") | U34: =IFERROR(IF(AND(R34=$C$7,S34="A"),$C$9*$C$12,IF(AND(R34=$C$7,S34="E"),$C$9,""))*$U$5,"") | V34: =IFERROR(IF(AND(R34=$C$7,S34="A"),$C$9,IF(AND(R34=$C$7,S34="E"),$C$9/$C$14,""))*$V$5,"") | W34: =IFERROR(IF(AND(R34=$C$7,S34="A"),$C$9*$C$14,IF(AND(R34=$C$7,S34="E"),$C$9,""))*$W$5,"") | X34: =IF(S34="E",$C$9,"") | Y34: =IF(S34="A",$C$9,"") | Z34: =IFERROR(X34*$C$14,"") | AA34: =IFERROR(Y34*$C$14,"")
S35: =LEFT(P35,1) | T35: =IFERROR(IF(AND(R35=$C$7,S35="A"),$C$9,IF(AND(R35=$C$7,S35="E"),$C$9/$C$12,""))*$T$5,"") | U35: =IFERROR(IF(AND(R35=$C$7,S35="A"),$C$9*$C$12,IF(AND(R35=$C$7,S35="E"),$C$9,""))*$U$5,"") | V35: =IFERROR(IF(AND(R35=$C$7,S35="A"),$C$9,IF(AND(R35=$C$7,S35="E"),$C$9/$C$14,""))*$V$5,"") | W35: =IFERROR(IF(AND(R35=$C$7,S35="A"),$C$9*$C$14,IF(AND(R35=$C$7,S35="E"),$C$9,""))*$W$5,"") | X35: =IF(S35="E",$C$9,"") | Y35: =IF(S35="A",$C$9,"") | Z35: =IFERROR(X35*$C$14,"") | AA35: =IFERROR(Y35*$C$14,"")
S36: =LEFT(P36,1) | T36: =IFERROR(IF(AND(R36=$C$7,S36="A"),$C$9,IF(AND(R36=$C$7,S36="E"),$C$9/$C$12,""))*$T$5,"") | U36: =IFERROR(IF(AND(R36=$C$7,S36="A"),$C$9*$C$12,IF(AND(R36=$C$7,S36="E"),$C$9,""))*$U$5,"") | V36: =IFERROR(IF(AND(R36=$C$7,S36="A"),$C$9,IF(AND(R36=$C$7,S36="E"),$C$9/$C$14,""))*$V$5,"") | W36: =IFERROR(IF(AND(R36=$C$7,S36="A"),$C$9*$C$14,IF(AND(R36=$C$7,S36="E"),$C$9,""))*$W$5,"") | X36: =IF(S36="E",$C$9,"") | Y36: =IF(S36="A",$C$9,"") | Z36: =IFERROR(X36*$C$14,"") | AA36: =IFERROR(Y36*$C$14,"")
S37: =LEFT(P37,1) | T37: =IFERROR(IF(AND(R37=$C$7,S37="A"),$C$9,IF(AND(R37=$C$7,S37="E"),$C$9/$C$12,""))*$T$5,"") | U37: =IFERROR(IF(AND(R37=$C$7,S37="A"),$C$9*$C$12,IF(AND(R37=$C$7,S37="E"),$C$9,""))*$U$5,"") | V37: =IFERROR(IF(AND(R37=$C$7,S37="A"),$C$9,IF(AND(R37=$C$7,S37="E"),$C$9/$C$14,""))*$V$5,"") | W37: =IFERROR(IF(AND(R37=$C$7,S37="A"),$C$9*$C$14,IF(AND(R37=$C$7,S37="E"),$C$9,""))*$W$5,"") | X37: =IF(S37="E",$C$9,"") | Y37: =IF(S37="A",$C$9,"") | Z37: =IFERROR(X37*$C$14,"") | AA37: =IFERROR(Y37*$C$14,"")
S38: =LEFT(P38,1) | T38: =IFERROR(IF(AND(R38=$C$7,S38="A"),$C$9,IF(AND(R38=$C$7,S38="E"),$C$9/$C$12,""))*$T$5,"") | U38: =IFERROR(IF(AND(R38=$C$7,S38="A"),$C$9*$C$12,IF(AND(R38=$C$7,S38="E"),$C$9,""))*$U$5,"") | V38: =IFERROR(IF(AND(R38=$C$7,S38="A"),$C$9,IF(AND(R38=$C$7,S38="E"),$C$9/$C$14,""))*$V$5,"") | W38: =IFERROR(IF(AND(R38=$C$7,S38="A"),$C$9*$C$14,IF(AND(R38=$C$7,S38="E"),$C$9,""))*$W$5,"") | X38: =IF(S38="E",$C$9,"") | Y38: =IF(S38="A",$C$9,"") | Z38: =IFERROR(X38*$C$14,"") | AA38: =IFERROR(Y38*$C$14,"")
S39: =LEFT(P39,1) | T39: =IFERROR(IF(AND(R39=$C$7,S39="A"),$C$9,IF(AND(R39=$C$7,S39="E"),$C$9/$C$12,""))*$T$5,"") | U39: =IFERROR(IF(AND(R39=$C$7,S39="A"),$C$9*$C$12,IF(AND(R39=$C$7,S39="E"),$C$9,""))*$U$5,"") | V39: =IFERROR(IF(AND(R39=$C$7,S39="A"),$C$9,IF(AND(R39=$C$7,S39="E"),$C$9/$C$14,""))*$V$5,"") | W39: =IFERROR(IF(AND(R39=$C$7,S39="A"),$C$9*$C$14,IF(AND(R39=$C$7,S39="E"),$C$9,""))*$W$5,"") | X39: =IF(S39="E",$C$9,"") | Y39: =IF(S39="A",$C$9,"") | Z39: =IFERROR(X39*$C$14,"") | AA39: =IFERROR(Y39*$C$14,"")
S40: =LEFT(P40,1) | T40: =IFERROR(IF(AND(R40=$C$7,S40="A"),$C$9,IF(AND(R40=$C$7,S40="E"),$C$9/$C$12,""))*$T$5,"") | U40: =IFERROR(IF(AND(R40=$C$7,S40="A"),$C$9*$C$12,IF(AND(R40=$C$7,S40="E"),$C$9,""))*$U$5,"") | V40: =IFERROR(IF(AND(R40=$C$7,S40="A"),$C$9,IF(AND(R40=$C$7,S40="E"),$C$9/$C$14,""))*$V$5,"") | W40: =IFERROR(IF(AND(R40=$C$7,S40="A"),$C$9*$C$14,IF(AND(R40=$C$7,S40="E"),$C$9,""))*$W$5,"") | X40: =IF(S40="E",$C$9,"") | Y40: =IF(S40="A",$C$9,"") | Z40: =IFERROR(X40*$C$14,"") | AA40: =IFERROR(Y40*$C$14,"")
S41: =LEFT(P41,1) | T41: =IFERROR(IF(AND(R41=$C$7,S41="A"),$C$9,IF(AND(R41=$C$7,S41="E"),$C$9/$C$12,""))*$T$5,"") | U41: =IFERROR(IF(AND(R41=$C$7,S41="A"),$C$9*$C$12,IF(AND(R41=$C$7,S41="E"),$C$9,""))*$U$5,"") | V41: =IFERROR(IF(AND(R41=$C$7,S41="A"),$C$9,IF(AND(R41=$C$7,S41="E"),$C$9/$C$14,""))*$V$5,"") | W41: =IFERROR(IF(AND(R41=$C$7,S41="A"),$C$9*$C$14,IF(AND(R41=$C$7,S41="E"),$C$9,""))*$W$5,"") | X41: =IF(S41="E",$C$9,"") | Y41: =IF(S41="A",$C$9,"") | Z41: =IFERROR(X41*$C$14,"") | AA41: =IFERROR(Y41*$C$14,"")
... S43: =LEFT(P43,1) | T43: =IFERROR(IF(AND(R43=$C$7,S43="A"),$C$9,IF(AND(R43=$C$7,S43="E"),$C$9/$C$12,""))*$T$5,"") | U43: =IFERROR(IF(AND(R43=$C$7,S43="A"),$C$9*$C$12,IF(AND(R43=$C$7,S43="E"),$C$9,""))*$U$5,"") | V43: =IFERROR(IF(AND(R43=$C$7,S43="A"),$C$9,IF(AND(R43=$C$7,S43="E"),$C$9/$C$14,""))*$V$5,"") | W43: =IFERROR(IF(AND(R43=$C$7,S43="A"),$C$9*$C$14,IF(AND(R43=$C$7,S43="E"),$C$9,""))*$W$5,"") | X43: =IF(S43="E",$C$9,"") | Y43: =IF(S43="A",$C$9,"") | Z43: =IFERROR(X43*$C$14,"") | AA43: =IFERROR(Y43*$C$14,"")

Sheet 결재용(2)
C1: 외화예금 우대금리 승인명세
C2: =H7 -> 46188
M3: 담당 | N3: 부장
A5: 번호 | B5: 신규/연장 | C5: 상품 | D5: 지점명 | E5: 고객명 | F5: 통화 | G5: 금액 | H5: 신규일자 | I5: 만기일자 | J5: 월수 | K5: 일수 | L5: 고시금리 | M5: 우대금리 | N5: 적용금리
A7: 1 | B7: 연장 | C7: =K17 -> MMDA | D7: =C17 -> 본점영업부 | E7: =F17 -> 와이엠에스에이 | F7: USD | G7: =L17*1000000 -> 8090000 | H7: =G17 -> 46188 | I7: =H17 -> 46218 | J7: =J17 -> 1 | K7: =I7-H7 -> 30 | L7: =AE17 -> 0.022743 | M7: =AF17 -> 0.009257 | N7: =AG17 -> 0.032
A8: 2 | B8: 연장 | C8: =K18 -> MMDA | D8: =C18 -> 성남영업부 | E8: =F18 -> ㈜현대그린푸드 | F8: USD | G8: =L18*1000000 -> 1430000 | H8: =G18 -> 46188 | I8: =H18 -> 46218 | J8: =J18 -> 1 | K8: =I8-H8 -> 30 | L8: =AE18 -> 0.022743 | M8: =AF18 -> 0.009257 | N8: =AG18 -> 0.032
A9: 3 | B9: 연장 | C9: =K19 -> MMDA | D9: =C19 -> 이현공단영업부 | E9: =F19 -> ㈜지엠메탈 | F9: USD | G9: =L19*1000000 -> 19000000 | H9: =G19 -> 46188 | I9: =H19 -> 46218 | J9: =J19 -> 1 | K9: =I9-H9 -> 30 | L9: =AE19 -> 0.022743 | M9: =AF19 -> 0.009257 | N9: =AG19 -> 0.032
A10: 4 | B10: 연장 | C10: =K20 -> MMDA | D10: =C20 -> 달성공단영업부 | E10: =F20 -> 한국비철㈜ | F10: USD | G10: =L20*1000000 -> 1110000 | H10: =G20 -> 46188 | I10: =H20 -> 46218 | J10: =J20 -> 1 | K10: =I10-H10 -> 30 | L10: =AE20 -> 0.022743 | M10: =AF20 -> 0.007257 | N10: =AG20 -> 0.03
A11: 5 | B11: 연장 | C11: =K21 -> MMDA | D11: =C21 -> 달성공단영업부 | E11: =F21 -> 한국비앤씨㈜ | F11: USD | G11: =L21*1000000 -> 8670000 | H11: =G21 -> 46162 | I11: =H21 -> 46195 | J11: =J21 -> 1 | K11: =I11-H11 -> 33 | L11: =AE21 -> 0.02216 | M11: =AF21 -> 0.00984 | N11: =AG21 -> 0.032
