Workbook

Sheet 외화_종합마진
A1: 외화부문 종합마진 (이자 + 비이자)
A2: 단위: 백만원 | 모든 값은 [외화_RAW추출] 탭을 SUMIF/SUMIFS로 참조 | 검정=산식
A4: Ⅰ. 이자손익 (NIM)
A5: 이자수익 (A) | B5: =SUMIF(외화_RAW추출!$A$5:$A$46,"①이자부자산",외화_RAW추출!$H$5:$H$46) -> 71701.4 | E5: 이자부 외화자산 이자 합계
A6: 이자비용 (B) | B6: =SUMIF(외화_RAW추출!$A$5:$A$46,"④이자부부채",외화_RAW추출!$H$5:$H$46) -> 82568.4 | E6: 이자부 외화부채 이자 합계
A7: 순이자손익 (C=A-B) | B7: =B5-B6 -> -10867 | E7: 음수 = 이자 역마진
A8: 평균 이자부 외화자산 | B8: =SUMIF(외화_RAW추출!$A$5:$A$46,"①이자부자산",외화_RAW추출!$G$5:$G$46) -> 2231854.4 | E8: NIM·마진율 분모
A9: 평균 이자부 외화부채 | B9: =SUMIF(외화_RAW추출!$A$5:$A$46,"④이자부부채",외화_RAW추출!$G$5:$G$46) -> 2714358.7
A10: 외화 운용수익률 (A/자산) | B10: =B5/B8 -> 0.032126379
A11: 외화 조달원가율 (B/부채) | B11: =B6/B9 -> 0.030419119 | E11: 운용수익률 > 조달원가율이면 단가 스프레드 +
A12: 외화 NIM (C/자산) | B12: =B7/B8 -> -0.0048690452 | E12: 이자만 반영 → 과소평가
A14: Ⅱ. 비이자손익
A15: 비이자수익 (D) | B15: =SUMIF(외화_RAW추출!$A$5:$A$46,"⑤비이자수익",외화_RAW추출!$H$5:$H$46) -> 344479.3 | E15: 외환손익·수수료·증권평가익
A16: 비이자비용 (E) | B16: =SUMIF(외화_RAW추출!$A$5:$A$46,"⑥비이자비용",외화_RAW추출!$H$5:$H$46) -> 302822.5 | E16: 외환손실·지급수수료·기타
A17: 순비이자손익 (F=D-E) | B17: =B15-B16 -> 41656.8
A19: · 유형별 순비이자 (수익-비용)
A20: 매매·환산 | B20: =SUMIFS(외화_RAW추출!$H$5:$H$46,외화_RAW추출!$A$5:$A$46,"⑤비이자수익",외화_RAW추출!$B$5:$B$46,"매매·환산")-SUMIFS(외화_RAW추출!$H$5:$H$46,외화_RAW추출!$A$5:$A$46,"⑥비이자비용",외화_RAW추출!$B$5:$B$46,"매매·환산") -> 31373.8 | E20: 스왑·환포지션 평가성격 → 변동성 큼
A21: 증권(평가·매매) | B21: =SUMIFS(외화_RAW추출!$H$5:$H$46,외화_RAW추출!$A$5:$A$46,"⑤비이자수익",외화_RAW추출!$B$5:$B$46,"증권")-SUMIFS(외화_RAW추출!$H$5:$H$46,외화_RAW추출!$A$5:$A$46,"⑥비이자비용",외화_RAW추출!$B$5:$B$46,"증권") -> 3572.9 | E21: 외화투자/단기매매/FVPL 운용수익
A22: 수수료·보증료 | B22: =SUMIFS(외화_RAW추출!$H$5:$H$46,외화_RAW추출!$A$5:$A$46,"⑤비이자수익",외화_RAW추출!$B$5:$B$46,"수수료")-SUMIFS(외화_RAW추출!$H$5:$H$46,외화_RAW추출!$A$5:$A$46,"⑥비이자비용",외화_RAW추출!$B$5:$B$46,"수수료") -> 8658.6 | E22: 안정적·반복적
A23: 기타 | B23: =SUMIFS(외화_RAW추출!$H$5:$H$46,외화_RAW추출!$A$5:$A$46,"⑤비이자수익",외화_RAW추출!$B$5:$B$46,"기타")-SUMIFS(외화_RAW추출!$H$5:$H$46,외화_RAW추출!$A$5:$A$46,"⑥비이자비용",외화_RAW추출!$B$5:$B$46,"기타") -> -1948.5 | E23: 건전성부담금·리스 등
A25: Ⅲ. 외화부문 종합손익 / 종합마진
A26: 종합손익 (G=C+F) | B26: =B7+B17 -> 30789.8 | E26: 이자 + 비이자
A27: 종합마진율 (G/이자부자산) | B27: =B26/B8 -> 0.013795613 | E27: NIM과 동일 분모로 비교
A29: ※ 핵심
A30: · NIM(이자)은 음(-)이지만, 비이자수익(외환·스왑손익+수수료+증권)을 더한 종합손익은 플러스로 전환됩니다.
A31: · 조달(이자부 부채)은 100% 이자비용으로 나가지만, 외화투자·단기매매·FVPL 증권의 운용수익은
A32: 이자가 아니라 ⑤비이자수익(평가·매매익)으로 잡혀 NIM 분자에서 빠집니다 → NIM이 경제성을 과소평가.
A33: · 운용수익률 > 조달원가율(단가 스프레드 +): 운용 단가 자체는 양호. 순이자 (-)는 볼륨 미스매치(부채>자산).
A34: · 단, 매매·환산손익은 환율·헤지 타이밍에 따라 변동성이 큼(스왑포지션 평가성격). 안정 마진은 수수료+증권.
A35: · ②비이자무수익자산(외화투자·증권 등)의 수익은 여기 ⑤비이자수익 라인에 나타납니다(“비이자가 어디 있나”의 답).

Sheet 외화_RAW추출
A1: 외화 RAW 추출 — FX계산.xlsx에서 가져온 외화 과목 전체 (탭1 종합마진의 참조원본)
A2: 단위: 백만원 | 원본행 = FX계산.xlsx 행번호 | 금액 = 기중순액(자산·부채는 이자, ⑤⑥은 손익) | 파랑=원천값
A4: 구분 | B4: 유형 | C4: 원본행 | D4: 코드 | E4: 계정명 | F4: 잔액 | G4: 기중평잔 | H4: 금액 | I4: 수익률
A5: ①이자부자산 | B5: 운용 | C5: 22 | D5: 610101030000 | E5: 외화예치금 | F5: 460340.9 | G5: 283882.6 | H5: 4975.3 | I5: =IF(G5=0,"-",H5/G5) -> 0.017525907
A6: ①이자부자산 | B6: 운용 | C6: 75 | D6: 610102030200 | E6: 외화 FVOCI 유가증권(채권) | F6: 428539.8 | G6: 362934.5 | H6: 14138.3 | I6: =IF(G6=0,"-",H6/G6) -> 0.038955514
A7: ①이자부자산 | B7: 운용 | C7: 236 | D7: 610104050000 | E7: 외화대출금 | F7: 406375.9 | G7: 432824.7 | H7: 18899.4 | I7: =IF(G7=0,"-",H7/G7) -> 0.043665253
A8: ①이자부자산 | B8: 운용 | C8: 258 | D8: 617103 | E8: 외화콜론 | F8: 216096.3 | G8: 412608.9 | H8: 15659.9 | I8: =IF(G8=0,"-",H8/G8) -> 0.037953374
A9: ①이자부자산 | B9: 운용 | C9: 248 | D9: 615306 | E9: 은행간외화대여금(종속·관계) | F9: 251107.5 | G9: 248829.9 | H9: 13474.8 | I9: =IF(G9=0,"-",H9/G9) -> 0.054152656
A10: ①이자부자산 | B10: 운용 | C10: 247 | D10: 615302 | E10: 은행간외화대여금 | F10: 0 | G10: 10524 | H10: 378.8 | I10: =IF(G10=0,"-",H10/G10) -> 0.035993919
A11: ①이자부자산 | B11: 운용 | C11: 249 | D11: 610104070000 | E11: 내국수입유산스 | F11: 341055.5 | G11: 417336 | H11: 799.1 | I11: =IF(G11=0,"-",H11/G11) -> 0.0019147641
A12: ①이자부자산 | B12: 운용 | C12: 262 | D12: 610104100000 | E12: 매입외환 | F12: 47874.6 | G12: 57614.8 | H12: 2633.4 | I12: =IF(G12=0,"-",H12/G12) -> 0.045707006
A13: ①이자부자산 | B13: 운용 | C13: 320 | D13: 620303 | E13: 외화사모사채 | F13: 0 | G13: 1517.2 | H13: 117.7 | I13: =IF(G13=0,"-",H13/G13) -> 0.077577116
A14: ①이자부자산 | B14: 운용 | C14: 280 | D14: 610104110200 | E14: 외화지급보증대지급 | F14: 7127.5 | G14: 3781.8 | H14: 16.4 | I14: =IF(G14=0,"-",H14/G14) -> 0.0043365593
A15: ①이자부자산 | B15: 이자(기타) | C15: 462 | D15: 660161 | E15: 국외외화본지점이자 | F15: 0 | G15: 0 | H15: 590.9 | I15: =IF(G15=0,"-",H15/G15) -> -
A16: ①이자부자산 | B16: 이자(기타) | C16: 468 | D16: 610202000000 | E16: 기타외환수입이자 | F16: 0 | G16: 0 | H16: 17.4 | I16: =IF(G16=0,"-",H16/G16) -> -
... A46: ⑥비이자비용 | B46: 기타 | C46: 350 | D46: 712103070420 | E46: 외화리스부채이자비용 | F46: 0 | G46: 0 | H46: 54.6 | I46: =IF(G46=0,"-",H46/G46) -> -
